Workbook

Sheet Guide
A1: Sewing Thread Consumption – Master Sheet
A2: One workbook replacing the three ANECALC calculators (Light, Medium, Heavy weight fabrics) with a single dynamic model.
B4: How to use (3 steps)
B5: 1. Setup | C5: Choose the fabric weight class (Light / Medium / Heavy / Custom), confirm seam thickness, waste %, program size, and list your thread SKUs with put-up length and price per cone.
B6: 2. Operations | C6: For each operation pick a stitch type, enter rows, SPI and seam length in cm (or quantity for bartacks / buttonholes / button sew / embroidery), then pick the thread SKU for each thread position. Each row shows a status: ✔ OK or ⚠ with what to fix.
B7: 3. Read the results | C7: Thread Order = metres, cones and cost per thread SKU. Dashboard = KPIs, split by thread position / stitch category, and a what-if table showing the same garment on Light, Medium, Heavy and Custom fabric.
B9: What makes it dynamic
B10: Fabric weight switch | C10: Change one cell on Setup and every factor, thread split and total recalculates. Seam thickness for each class is editable; 'Custom' lets you type any thickness.
B11: SPI interpolation | C11: Decimal SPI (e.g. 11.5) is interpolated between neighbouring SPI columns. Out-of-range SPI is flagged with the valid range for that stitch.
B12: Auto-checks | C12: Missing stitch / length / SPI, thread positions with no SKU, more than 3 rows of needle thread, unassigned metres and thread SKUs missing from the library are all flagged; Thread Order reconciles back to Operations.
B13: What-if sensitivity | C13: Hidden helper columns on Operations (AB:AK, expand with [+]) recompute every row at all four fabric weights so the Dashboard can compare them side by side.
B14: Editable libraries | C14: Stitch Library holds the needle / bobbin / looper / cover splits per fabric weight; Engine holds the factor tables (thread length ÷ seam length) – both can be adjusted.
B16: Colour code
B17: Blue text, yellow fill | C17: Input – safe to edit.
B18: Blue text, white fill | C18: Hard-coded source value from the ANECALC files (library data) – edit only if you have better data.
B19: Black text | C19: Formula – do not overwrite.
B20: Green text | C20: Direct link to another sheet.
B22: How the maths works (same engine as ANECALC)
B23: Thread factor | C23: Factor = thread length ÷ seam length for the chosen stitch type, SPI and seam thickness (t). Examples: 301 lockstitch = 2 + 2·t·SPI; 401 chainstitch = 4 + 2·t·SPI; 504 overedge = 4·SPI·(width + t) + 5 (t in inches).
B24: Operation metres | C24: Total m = seam length (cm) ÷ 100 × factor × rows. For piece-based items the factor is cm of thread per piece, so enter the quantity instead of a length.
B25: Split by position | C25: Needle m = total × needle share (÷ rows when 1–3 rows allowed, so each row can use its own thread), bobbin / looper / cover = total × their shares.
B26: Waste, cones, cost | C26: Incl. waste = net × (1 + waste %). Cones = program size × metres ÷ put-up. Cost per garment = metres incl. waste × price per cone ÷ put-up.
B28: Reconciliation with the three source files (please review)
B29: 401 chainstitch formula | C29: Heavy file uses 4 + 2·t·SPI. Light and Medium files use 4 × 2 · t·SPI (= 8·t·SPI, no constant), which gives roughly 30–40% less thread and looks like a '+' typed as '×'. This master defaults to the corrected formula for all weights. Setup ▸ '401 chainstitch formula' = Original reproduces the Light/Medium file numbers. It also drives 515/401, 516/401, 'Both' safety stitches and 524.
B30: 404 zigzag chain | C30: In the Heavy and Light files the SPI 9 and 10 cells point at the wrong row (a 103 blindstitch value instead of SPI). Rebuilt consistently with the Medium file formula.
B31: 515/503 safety stitch | C31: Light file adds a 304 zigzag term for SPI 6+ but not SPI 5. Heavy and Medium use 503 3/16" only; this master follows them for all weights.
B32: Differences kept as in the source | C32: 516/504 uses the 1/4" overedge in the Heavy and Light files but 3/16" in the Medium file; 411 picoetta is hard-coded in Heavy / Light but formula-driven in Medium; lockstitch SPI 2–4 and all piece-based values differ per weight, as in the originals.
B33: 524 stitches | C33: Only in the Medium file (= 401 + 514). Added for all weights using each weight's own 401 and 514 rows; Medium thread split used for all weights.
B34: Piece-based items | C34: Bartack, button sew, buttonhole, embroidery and cap eyelet carry a fixed thread amount per piece. Interpreted as cm of thread per piece (the original formula divides a 'length' by 100, so entering quantity gives metres) – please confirm against your A&E help guide.
B35: Not carried over | C35: The Help Guide and ISO stitch-matrix pictures in the originals are images only and are not included. The original Light/Heavy price table has 11 thread slots; this one has 15, and the operations table has 80 rows (originals: 40 / 160).
B37: Sample data
B38: Placeholders | C38: The sample garment, thread names, put-up and prices are illustrative only. Clear the yellow cells on Setup (thread library) and Operations to start your own style.

Sheet Setup
A1: Setup – project, fabric weight & thread library
A2: Yellow cells with blue text are inputs. Everything else is calculated.
B4: 1. Project details
B5: Company | C5: Sample Apparel Ltd.
B6: Garment description | C6: SAMPLE – Men's chino trouser (replace)
B7: Style / reference # | C7: STY-0001
B8: Prepared by | C8: Merchandising / Planning
B10: 2. Fabric weight & seam thickness
B11: Fabric weight class (select) | C11: Medium
B13: Class | C13: Avg. seam thickness (mm) | D13: Source / basis
B14: Light | C14: 1.2 | D14: ANECALC Light-Wt file (seam thickness cell Y3 = 1.2 mm)
B15: Medium | C15: 1.9 | D15: ANECALC Medium-Wt file (Y3 = 1.9 mm)
B16: Heavy | C16: 2.9 | D16: ANECALC Heavy-Wt file (Y3 = 2.9 mm)
B17: Custom | C17: 2.4 | D17: Your own thickness – uses Medium-Wt stitch geometry & thread splits
B19: Active class # | C19: =MATCH(C11,B14:B17,0) -> 2
B20: Active seam thickness (mm) | C20: =INDEX(C14:C17,C19) -> 1.9
B21: Active seam thickness (inch) | C21: =C20/25.4 -> 0.07480315
B23: 3. Global parameters
B24: Thread waste allowance (%) | C24: 0.1 | D24: ANECALC default = 10%
B25: Program size (garments) | C25: 10000 | D25: ANECALC default = 10,000 units
B26: Currency label | C26: US $
B27: 401 chainstitch formula (Light / Medium / Custom) | C27: Corrected | D27: Corrected = 4 + 2·t·SPI (as in Heavy file). Original = 8·t·SPI (as typed in Light & Medium files). See Guide.
B29: 4. Thread library (feeds every thread drop-down on the Operations sheet)
B30: Thread description (size / tex, brand, colour) | C30: Put-up (m per cone) | D30: Price per cone | E30: Price per metre
B31: Tex 40 Spun Poly – Khaki (needle) | C31: 5000 | D31: 3.8 | E31: =IF(AND(N(C31)>0,N(D31)>0),D31/C31,"") -> 0.00076
B32: Tex 60 Spun Poly – Khaki (bobbin / looper) | C32: 5000 | D32: 3.2 | E32: =IF(AND(N(C32)>0,N(D32)>0),D32/C32,"") -> 0.00064
B33: Tex 27 Core Poly – Khaki (bartack / buttonhole) | C33: 3000 | D33: 2.6 | E33: =IF(AND(N(C33)>0,N(D33)>0),D33/C33,"") -> 0.00086666667
E34: =IF(AND(N(C34)>0,N(D34)>0),D34/C34,"")
E35: =IF(AND(N(C35)>0,N(D35)>0),D35/C35,"")
E36: =IF(AND(N(C36)>0,N(D36)>0),D36/C36,"")
E37: =IF(AND(N(C37)>0,N(D37)>0),D37/C37,"")
E38: =IF(AND(N(C38)>0,N(D38)>0),D38/C38,"")
E39: =IF(AND(N(C39)>0,N(D39)>0),D39/C39,"")
E40: =IF(AND(N(C40)>0,N(D40)>0),D40/C40,"")
E41: =IF(AND(N(C41)>0,N(D41)>0),D41/C41,"")
E42: =IF(AND(N(C42)>0,N(D42)>0),D42/C42,"")
E43: =IF(AND(N(C43)>0,N(D43)>0),D43/C43,"")
E44: =IF(AND(N(C44)>0,N(D44)>0),D44/C44,"")
E45: =IF(AND(N(C45)>0,N(D45)>0),D45/C45,"")
B46: Sample thread names and prices above are illustrative placeholders – overwrite with your supplier data.

Sheet Operations
A1: Operations – thread consumption by operation
A2: Fill the yellow cells (blue text). Pick a stitch type, enter SPI, rows and seam length (cm) – or quantity for bartacks / buttonholes / embroidery. Pick thread SKUs for each thread position.
B4: Fabric weight | D4: Operations costed | F4: Thread / garment (m) | I4: Incl. waste (m) | L4: Thread cost / garment | P4: Check
B5: =Setup!C11&" ("&TEXT(Setup!C20,"0.0")&" mm)" -> Medium (1.9 mm) | D5: =COUNTIF(I10:I89,">0") -> 9 | F5: =I90 -> 63.253291 | I5: =I90*(1+Waste_Pct) -> 69.57862 | L5: ='Thread Order'!J21 -> 0.047917374 | P5: =IF(COUNTIF(AA10:AA89,"⚠*")=0,"All rows OK",COUNTIF(AA10:AA89,"⚠*")&" row(s) need attention") -> All rows OK
B6: Legend: yellow / blue = input | black = formula | grey SPI = not needed (piece-based item) | ⚠ = fix before using the result
B7: Rows 1–3 of stitching: the needle thread is split equally across Needle 1–3 positions. Sample operations shown are illustrative – overwrite or clear the yellow cells.
A8: OPERATION INPUTS | F8: LENGTH & CONSUMPTION | J8: THREAD SPLIT (from library) | N8: THREAD ASSIGNMENT & METRES | Z8: CHECKS | AB8: HELPERS (grouped – expand with [+])
A9: Op # | B9: Operation name | C9: Stitch type (drop-down) | D9: Rows of stitch | E9: SPI | F9: Seam length (cm) or Qty (pcs) | G9: Unit | H9: Thread factor used | I9: Total thread m / garment | J9: Needle % | K9: Bobbin % | L9: Looper % | M9: Cover % | N9: Needle 1 thread | O9: Needle 1 m | P9: Needle 2 thread | Q9: Needle 2 m | R9: Needle 3 thread | S9: Needle 3 m | T9: Bobbin thread | U9: Bobbin m | V9: Looper thread | W9: Looper m | X9: Cover thread | Y9: Cover m | Z9: Unassigned m | AA9: Status | AB9: Library # | AC9: SPI used | AD9: SPI floor | AE9: SPI fraction | AF9: Multi-row? | AG9: Category | AH9: m @ Light | AI9: m @ Medium | AJ9: m @ Heavy | AK9: m @ Custom
A10: 1 | B10: Front pocket topstitch | C10: 301 Lockstitch | D10: 1 | E10: 12 | F10: 44 | G10: =IF($AB10="","",IF(INDEX(Lib_Basis,$AB10)="Piece","pcs","cm")) -> cm | H10: =IF(OR($AB10="",$AC10="",N($AC10)<1,N($AC10)>24),0,IF($AE10=0,INDEX(Engine_Grid,(WeightIdx-1)*75+$AB10,$AD10),IF(OR($AD10>=24,INDEX(Engine_Grid,(WeightIdx-1)*75+$AB10,$AD10)=0,INDEX(Engine_Grid,(WeightIdx-1)*75+$AB10,$AD10+1)=0),0,INDEX(Engine_Grid,(WeightIdx-1)*75+$AB10,$AD10)*(1-$AE10)+INDEX(Engine_Grid,(WeightIdx-1)*75+$AB10,$AD10+1)*$AE10))) -> 3.7952756 | I10: =IF(OR($H10=0,N($F10)<=0),0,$F10/100*$H10*IF(N($D10)<1,1,$D10)) -> 1.6699213 | J10: =IF($AB10="","",INDEX(Lib_Needle,$AB10)) -> 0.51 | K10: =IF($AB10="","",INDEX(Lib_Bobbin,$AB10)) -> 0.49 | L10: =IF($AB10="","",INDEX(Lib_Looper,$AB10)) -> 0 | M10: =IF($AB10="","",INDEX(Lib_Cover,$AB10)) -> 0 | N10: Tex 40 Spun Poly – Khaki (needle) | O10: =IF($I10=0,0,IF($AF10="Y",$I10*$J10/IF(N($D10)<1,1,$D10),$I10*$J10)) -> 0.85165984 | Q10: =IF(AND($I10>0,$AF10="Y",IF(N($D10)<1,1,$D10)>=2),$I10*$J10/IF(N($D10)<1,1,$D10),0) -> 0 | S10: =IF(AND($I10>0,$AF10="Y",IF(N($D10)<1,1,$D10)>=3),$I10*$J10/IF(N($D10)<1,1,$D10),0) -> 0 | T10: Tex 60 Spun Poly – Khaki (bobbin / looper) | U10: =IF($I10=0,0,$I10*$K10) -> 0.81826142 | W10: =IF($I10=0,0,$I10*$L10) -> 0 | Y10: =IF($I10=0,0,$I10*$M10) -> 0 | Z10: =IF($N10="",$O10,0)+IF($P10="",$Q10,0)+IF($R10="",$S10,0)+IF($T10="",$U10,0)+IF($V10="",$W10,0)+IF($X10="",$Y10,0)+IF(AND($AF10="Y",IF(N($D10)<1,1,$D10)>3),$I10*$J10*(IF(N($D10)<1,1,$D10)-3)/IF(N($D10)<1,1,$D10),0) -> 0 | AA10: =IF(AND($C10="",N($F10)=0),"",IF($C10="","⚠ Select a stitch type",IF($AB10="","⚠ Stitch not in library",IF(N($F10)<=0,"⚠ Enter "&IF($G10="pcs","quantity","seam length (cm)"),IF(AND($G10="cm",N($E10)<=0),"⚠ Enter SPI",IF($H10=0,"⚠ No factor at SPI "&$E10&" – valid "&INDEX(Lib_MinSPI,$AB10)&"–"&INDEX(Lib_MaxSPI,$AB10),IF(AND($AF10="Y",IF(N($D10)<1,1,$D10)>3),"⚠ More than 3 rows – thread for extra rows not allocated",IF($Z10>0.00001,"⚠ Assign threads ("&TEXT($Z10,"0.00")&" m unassigned)","✔ OK")))))))) -> ✔ OK | AB10: =IF($C10="","",IFERROR(MATCH($C10,Lib_Names,0),"")) -> 7 | AC10: =IF($AB10="","",IF(INDEX(Lib_Basis,$AB10)="Piece",1,N($E10))) -> 12 | AD10: =IF($AC10="","",INT($AC10)) -> 12 | AE10: =IF($AC10="","",$AC10-$AD10) -> 0 | AF10: =IF($AB10="","",INDEX(Lib_Multi,$AB10)) -> Y | AG10: =IF($AB10="","",INDEX(Lib_Cat,$AB10)) -> Lockstitch / zigzag | AH10: =IF(N($F10)<=0,0,$F10/100*IF(OR($AB10="",$AC10="",N($AC10)<1,N($AC10)>24),0,IF($AE10=0,INDEX(Engine_Grid,0+$AB10,$AD10),IF(OR($AD10>=24,INDEX(Engine_Grid,0+$AB10,$AD10)=0,INDEX(Engine_Grid,0+$AB10,$AD10+1)=0),0,INDEX(Engine_Grid,0+$AB10,$AD10)*(1-$AE10)+INDEX(Engine_Grid,0+$AB10,$AD10+1)*$AE10)))*IF(N($D10)<1,1,$D10)) -> 1.3788976 | AI10: =IF(N($F10)<=0,0,$F10/100*IF(OR($AB10="",$AC10="",N($AC10)<1,N($AC10)>24),0,IF($AE10=0,INDEX(Engine_Grid,75+$AB10,$AD10),IF(OR($AD10>=24,INDEX(Engine_Grid,75+$AB10,$AD10)=0,INDEX(Engine_Grid,75+$AB10,$AD10+1)=0),0,INDEX(Engine_Grid,75+$AB10,$AD10)*(1-$AE10)+INDEX(Engine_Grid,75+$AB10,$AD10+1)*$AE10)))*IF(N($D10)<1,1,$D10)) -> 1.6699213 | AJ10: =IF(N($F10)<=0,0,$F10/100*IF(OR($AB10="",$AC10="",N($AC10)<1,N($AC10)>24),0,IF($AE10=0,INDEX(Engine_Grid,150+$AB10,$AD10),IF(OR($AD10>=24,INDEX(Engine_Grid,150+$AB10,$AD10)=0,INDEX(Engine_Grid,150+$AB10,$AD10+1)=0),0,INDEX(Engine_Grid,150+$AB10,$AD10)*(1-$AE10)+INDEX(Engine_Grid,150+$AB10,$AD10+1)*$AE10)))*IF(N($D10)<1,1,$D10)) -> 2.0856693 | AK10: =IF(N($F10)<=0,0,$F10/100*IF(OR($AB10="",$AC10="",N($AC10)<1,N($AC10)>24),0,IF($AE10=0,INDEX(Engine_Grid,225+$AB10,$AD10),IF(OR($AD10>=24,INDEX(Engine_Grid,225+$AB10,$AD10)=0,INDEX(Engine_Grid,225+$AB10,$AD10+1)=0),0,INDEX(Engine_Grid,225+$AB10,$AD10)*(1-$AE10)+INDEX(Engine_Grid,225+$AB10,$AD10+1)*$AE10)))*IF(N($D10)<1,1,$D10)) -> 1.8777953
A11: 2 | B11: Back pocket attach | C11: 301 Lockstitch | D11: 2 | E11: 11 | F11: 36 | G11: =IF($AB11="","",IF(INDEX(Lib_Basis,$AB11)="Piece","pcs","cm")) -> cm | H11: =IF(OR($AB11="",$AC11="",N($AC11)<1,N($AC11)>24),0,IF($AE11=0,INDEX(Engine_Grid,(WeightIdx-1)*75+$AB11,$AD11),IF(OR($AD11>=24,INDEX(Engine_Grid,(WeightIdx-1)*75+$AB11,$AD11)=0,INDEX(Engine_Grid,(WeightIdx-1)*75+$AB11,$AD11+1)=0),0,INDEX(Engine_Grid,(WeightIdx-1)*75+$AB11,$AD11)*(1-$AE11)+INDEX(Engine_Grid,(WeightIdx-1)*75+$AB11,$AD11+1)*$AE11))) -> 3.6456693 | I11: =IF(OR($H11=0,N($F11)<=0),0,$F11/100*$H11*IF(N($D11)<1,1,$D11)) -> 2.6248819 | J11: =IF($AB11="","",INDEX(Lib_Needle,$AB11)) -> 0.51 | K11: =IF($AB11="","",INDEX(Lib_Bobbin,$AB11)) -> 0.49 | L11: =IF($AB11="","",INDEX(Lib_Looper,$AB11)) -> 0 | M11: =IF($AB11="","",INDEX(Lib_Cover,$AB11)) -> 0 | N11: Tex 40 Spun Poly – Khaki (needle) | O11: =IF($I11=0,0,IF($AF11="Y",$I11*$J11/IF(N($D11)<1,1,$D11),$I11*$J11)) -> 0.66934488 | P11: Tex 40 Spun Poly – Khaki (needle) | Q11: =IF(AND($I11>0,$AF11="Y",IF(N($D11)<1,1,$D11)>=2),$I11*$J11/IF(N($D11)<1,1,$D11),0) -> 0.66934488 | S11: =IF(AND($I11>0,$AF11="Y",IF(N($D11)<1,1,$D11)>=3),$I11*$J11/IF(N($D11)<1,1,$D11),0) -> 0 | T11: Tex 60 Spun Poly – Khaki (bobbin / looper) | U11: =IF($I11=0,0,$I11*$K11) -> 1.2861921 | W11: =IF($I11=0,0,$I11*$L11) -> 0 | Y11: =IF($I11=0,0,$I11*$M11) -> 0 | Z11: =IF($N11="",$O11,0)+IF($P11="",$Q11,0)+IF($R11="",$S11,0)+IF($T11="",$U11,0)+IF($V11="",$W11,0)+IF($X11="",$Y11,0)+IF(AND($AF11="Y",IF(N($D11)<1,1,$D11)>3),$I11*$J11*(IF(N($D11)<1,1,$D11)-3)/IF(N($D11)<1,1,$D11),0) -> 0 | AA11: =IF(AND($C11="",N($F11)=0),"",IF($C11="","⚠ Select a stitch type",IF($AB11="","⚠ Stitch not in library",IF(N($F11)<=0,"⚠ Enter "&IF($G11="pcs","quantity","seam length (cm)"),IF(AND($G11="cm",N($E11)<=0),"⚠ Enter SPI",IF($H11=0,"⚠ No factor at SPI "&$E11&" – valid "&INDEX(Lib_MinSPI,$AB11)&"–"&INDEX(Lib_MaxSPI,$AB11),IF(AND($AF11="Y",IF(N($D11)<1,1,$D11)>3),"⚠ More than 3 rows – thread for extra rows not allocated",IF($Z11>0.00001,"⚠ Assign threads ("&TEXT($Z11,"0.00")&" m unassigned)","✔ OK")))))))) -> ✔ OK | AB11: =IF($C11="","",IFERROR(MATCH($C11,Lib_Names,0),"")) -> 7 | AC11: =IF($AB11="","",IF(INDEX(Lib_Basis,$AB11)="Piece",1,N($E11))) -> 11 | AD11: =IF($AC11="","",INT($AC11)) -> 11 | AE11: =IF($AC11="","",$AC11-$AD11) -> 0 | AF11: =IF($AB11="","",INDEX(Lib_Multi,$AB11)) -> Y | AG11: =IF($AB11="","",INDEX(Lib_Cat,$AB11)) -> Lockstitch / zigzag | AH11: =IF(N($F11)<=0,0,$F11/100*IF(OR($AB11="",$AC11="",N($AC11)<1,N($AC11)>24),0,IF($AE11=0,INDEX(Engine_Grid,0+$AB11,$AD11),IF(OR($AD11>=24,INDEX(Engine_Grid,0+$AB11,$AD11)=0,INDEX(Engine_Grid,0+$AB11,$AD11+1)=0),0,INDEX(Engine_Grid,0+$AB11,$AD11)*(1-$AE11)+INDEX(Engine_Grid,0+$AB11,$AD11+1)*$AE11)))*IF(N($D11)<1,1,$D11)) -> 2.1883465 | AI11: =IF(N($F11)<=0,0,$F11/100*IF(OR($AB11="",$AC11="",N($AC11)<1,N($AC11)>24),0,IF($AE11=0,INDEX(Engine_Grid,75+$AB11,$AD11),IF(OR($AD11>=24,INDEX(Engine_Grid,75+$AB11,$AD11)=0,INDEX(Engine_Grid,75+$AB11,$AD11+1)=0),0,INDEX(Engine_Grid,75+$AB11,$AD11)*(1-$AE11)+INDEX(Engine_Grid,75+$AB11,$AD11+1)*$AE11)))*IF(N($D11)<1,1,$D11)) -> 2.6248819 | AJ11: =IF(N($F11)<=0,0,$F11/100*IF(OR($AB11="",$AC11="",N($AC11)<1,N($AC11)>24),0,IF($AE11=0,INDEX(Engine_Grid,150+$AB11,$AD11),IF(OR($AD11>=24,INDEX(Engine_Grid,150+$AB11,$AD11)=0,INDEX(Engine_Grid,150+$AB11,$AD11+1)=0),0,INDEX(Engine_Grid,150+$AB11,$AD11)*(1-$AE11)+INDEX(Engine_Grid,150+$AB11,$AD11+1)*$AE11)))*IF(N($D11)<1,1,$D11)) -> 3.2485039 | AK11: =IF(N($F11)<=0,0,$F11/100*IF(OR($AB11="",$AC11="",N($AC11)<1,N($AC11)>24),0,IF($AE11=0,INDEX(Engine_Grid,225+$AB11,$AD11),IF(OR($AD11>=24,INDEX(Engine_Grid,225+$AB11,$AD11)=0,INDEX(Engine_Grid,225+$AB11,$AD11+1)=0),0,INDEX(Engine_Grid,225+$AB11,$AD11)*(1-$AE11)+INDEX(Engine_Grid,225+$AB11,$AD11+1)*$AE11)))*IF(N($D11)<1,1,$D11)) -> 2.9366929
A12: 3 | B12: Side seam – overedge | C12: 504 1/4" 1 Ndl Overedge | D12: 1 | E12: 10 | F12: 210 | G12: =IF($AB12="","",IF(INDEX(Lib_Basis,$AB12)="Piece","pcs","cm")) -> cm | H12: =IF(OR($AB12="",$AC12="",N($AC12)<1,N($AC12)>24),0,IF($AE12=0,INDEX(Engine_Grid,(WeightIdx-1)*75+$AB12,$AD12),IF(OR($AD12>=24,INDEX(Engine_Grid,(WeightIdx-1)*75+$AB12,$AD12)=0,INDEX(Engine_Grid,(WeightIdx-1)*75+$AB12,$AD12+1)=0),0,INDEX(Engine_Grid,(WeightIdx-1)*75+$AB12,$AD12)*(1-$AE12)+INDEX(Engine_Grid,(WeightIdx-1)*75+$AB12,$AD12+1)*$AE12))) -> 17.992126 | I12: =IF(OR($H12=0,N($F12)<=0),0,$F12/100*$H12*IF(N($D12)<1,1,$D12)) -> 37.783465 | J12: =IF($AB12="","",INDEX(Lib_Needle,$AB12)) -> 0.22 | K12: =IF($AB12="","",INDEX(Lib_Bobbin,$AB12)) -> 0 | L12: =IF($AB12="","",INDEX(Lib_Looper,$AB12)) -> 0.78 | M12: =IF($AB12="","",INDEX(Lib_Cover,$AB12)) -> 0 | N12: Tex 40 Spun Poly – Khaki (needle) | O12: =IF($I12=0,0,IF($AF12="Y",$I12*$J12/IF(N($D12)<1,1,$D12),$I12*$J12)) -> 8.3123622 | Q12: =IF(AND($I12>0,$AF12="Y",IF(N($D12)<1,1,$D12)>=2),$I12*$J12/IF(N($D12)<1,1,$D12),0) -> 0 | S12: =IF(AND($I12>0,$AF12="Y",IF(N($D12)<1,1,$D12)>=3),$I12*$J12/IF(N($D12)<1,1,$D12),0) -> 0 | U12: =IF($I12=0,0,$I12*$K12) -> 0 | V12: Tex 60 Spun Poly – Khaki (bobbin / looper) | W12: =IF($I12=0,0,$I12*$L12) -> 29.471102 | Y12: =IF($I12=0,0,$I12*$M12) -> 0 | Z12: =IF($N12="",$O12,0)+IF($P12="",$Q12,0)+IF($R12="",$S12,0)+IF($T12="",$U12,0)+IF($V12="",$W12,0)+IF($X12="",$Y12,0)+IF(AND($AF12="Y",IF(N($D12)<1,1,$D12)>3),$I12*$J12*(IF(N($D12)<1,1,$D12)-3)/IF(N($D12)<1,1,$D12),0) -> 0 | AA12: =IF(AND($C12="",N($F12)=0),"",IF($C12="","⚠ Select a stitch type",IF($AB12="","⚠ Stitch not in library",IF(N($F12)<=0,"⚠ Enter "&IF($G12="pcs","quantity","seam length (cm)"),IF(AND($G12="cm",N($E12)<=0),"⚠ Enter SPI",IF($H12=0,"⚠ No factor at SPI "&$E12&" – valid "&INDEX(Lib_MinSPI,$AB12)&"–"&INDEX(Lib_MaxSPI,$AB12),IF(AND($AF12="Y",IF(N($D12)<1,1,$D12)>3),"⚠ More than 3 rows – thread for extra rows not allocated",IF($Z12>0.00001,"⚠ Assign threads ("&TEXT($Z12,"0.00")&" m unassigned)","✔ OK")))))))) -> ✔ OK | AB12: =IF($C12="","",IFERROR(MATCH($C12,Lib_Names,0),"")) -> 27 | AC12: =IF($AB12="","",IF(INDEX(Lib_Basis,$AB12)="Piece",1,N($E12))) -> 10 | AD12: =IF($AC12="","",INT($AC12)) -> 10 | AE12: =IF($AC12="","",$AC12-$AD12) -> 0 | AF12: =IF($AB12="","",INDEX(Lib_Multi,$AB12)) -> Y | AG12: =IF($AB12="","",INDEX(Lib_Cat,$AB12)) -> Overlock / overedge | AH12: =IF(N($F12)<=0,0,$F12/100*IF(OR($AB12="",$AC12="",N($AC12)<1,N($AC12)>24),0,IF($AE12=0,INDEX(Engine_Grid,0+$AB12,$AD12),IF(OR($AD12>=24,INDEX(Engine_Grid,0+$AB12,$AD12)=0,INDEX(Engine_Grid,0+$AB12,$AD12+1)=0),0,INDEX(Engine_Grid,0+$AB12,$AD12)*(1-$AE12)+INDEX(Engine_Grid,0+$AB12,$AD12+1)*$AE12)))*IF(N($D12)<1,1,$D12)) -> 35.468504 | AI12: =IF(N($F12)<=0,0,$F12/100*IF(OR($AB12="",$AC12="",N($AC12)<1,N($AC12)>24),0,IF($AE12=0,INDEX(Engine_Grid,75+$AB12,$AD12),IF(OR($AD12>=24,INDEX(Engine_Grid,75+$AB12,$AD12)=0,INDEX(Engine_Grid,75+$AB12,$AD12+1)=0),0,INDEX(Engine_Grid,75+$AB12,$AD12)*(1-$AE12)+INDEX(Engine_Grid,75+$AB12,$AD12+1)*$AE12)))*IF(N($D12)<1,1,$D12)) -> 37.783465 | AJ12: =IF(N($F12)<=0,0,$F12/100*IF(OR($AB12="",$AC12="",N($AC12)<1,N($AC12)>24),0,IF($AE12=0,INDEX(Engine_Grid,150+$AB12,$AD12),IF(OR($AD12>=24,INDEX(Engine_Grid,150+$AB12,$AD12)=0,INDEX(Engine_Grid,150+$AB12,$AD12+1)=0),0,INDEX(Engine_Grid,150+$AB12,$AD12)*(1-$AE12)+INDEX(Engine_Grid,150+$AB12,$AD12+1)*$AE12)))*IF(N($D12)<1,1,$D12)) -> 41.090551 | AK12: =IF(N($F12)<=0,0,$F12/100*IF(OR($AB12="",$AC12="",N($AC12)<1,N($AC12)>24),0,IF($AE12=0,INDEX(Engine_Grid,225+$AB12,$AD12),IF(OR($AD12>=24,INDEX(Engine_Grid,225+$AB12,$AD12)=0,INDEX(Engine_Grid,225+$AB12,$AD12+1)=0),0,INDEX(Engine_Grid,225+$AB12,$AD12)*(1-$AE12)+INDEX(Engine_Grid,225+$AB12,$AD12+1)*$AE12)))*IF(N($D12)<1,1,$D12)) -> 39.437008
A13: 4 | B13: Inseam | C13: 401 Chainstitch | D13: 1 | E13: 10 | F13: 150 | G13: =IF($AB13="","",IF(INDEX(Lib_Basis,$AB13)="Piece","pcs","cm")) -> cm | H13: =IF(OR($AB13="",$AC13="",N($AC13)<1,N($AC13)>24),0,IF($AE13=0,INDEX(Engine_Grid,(WeightIdx-1)*75+$AB13,$AD13),IF(OR($AD13>=24,INDEX(Engine_Grid,(WeightIdx-1)*75+$AB13,$AD13)=0,INDEX(Engine_Grid,(WeightIdx-1)*75+$AB13,$AD13+1)=0),0,INDEX(Engine_Grid,(WeightIdx-1)*75+$AB13,$AD13)*(1-$AE13)+INDEX(Engine_Grid,(WeightIdx-1)*75+$AB13,$AD13+1)*$AE13))) -> 5.496063 | I13: =IF(OR($H13=0,N($F13)<=0),0,$F13/100*$H13*IF(N($D13)<1,1,$D13)) -> 8.2440945 | J13: =IF($AB13="","",INDEX(Lib_Needle,$AB13)) -> 0.55 | K13: =IF($AB13="","",INDEX(Lib_Bobbin,$AB13)) -> 0 | L13: =IF($AB13="","",INDEX(Lib_Looper,$AB13)) -> 0.45 | M13: =IF($AB13="","",INDEX(Lib_Cover,$AB13)) -> 0 | N13: Tex 40 Spun Poly – Khaki (needle) | O13: =IF($I13=0,0,IF($AF13="Y",$I13*$J13/IF(N($D13)<1,1,$D13),$I13*$J13)) -> 4.534252 | Q13: =IF(AND($I13>0,$AF13="Y",IF(N($D13)<1,1,$D13)>=2),$I13*$J13/IF(N($D13)<1,1,$D13),0) -> 0 | S13: =IF(AND($I13>0,$AF13="Y",IF(N($D13)<1,1,$D13)>=3),$I13*$J13/IF(N($D13)<1,1,$D13),0) -> 0 | U13: =IF($I13=0,0,$I13*$K13) -> 0 | V13: Tex 60 Spun Poly – Khaki (bobbin / looper) | W13: =IF($I13=0,0,$I13*$L13) -> 3.7098425 | Y13: =IF($I13=0,0,$I13*$M13) -> 0 | Z13: =IF($N13="",$O13,0)+IF($P13="",$Q13,0)+IF($R13="",$S13,0)+IF($T13="",$U13,0)+IF($V13="",$W13,0)+IF($X13="",$Y13,0)+IF(AND($AF13="Y",IF(N($D13)<1,1,$D13)>3),$I13*$J13*(IF(N($D13)<1,1,$D13)-3)/IF(N($D13)<1,1,$D13),0) -> 0 | AA13: =IF(AND($C13="",N($F13)=0),"",IF($C13="","⚠ Select a stitch type",IF($AB13="","⚠ Stitch not in library",IF(N($F13)<=0,"⚠ Enter "&IF($G13="pcs","quantity","seam length (cm)"),IF(AND($G13="cm",N($E13)<=0),"⚠ Enter SPI",IF($H13=0,"⚠ No factor at SPI "&$E13&" – valid "&INDEX(Lib_MinSPI,$AB13)&"–"&INDEX(Lib_MaxSPI,$AB13),IF(AND($AF13="Y",IF(N($D13)<1,1,$D13)>3),"⚠ More than 3 rows – thread for extra rows not allocated",IF($Z13>0.00001,"⚠ Assign threads ("&TEXT($Z13,"0.00")&" m unassigned)","✔ OK")))))))) -> ✔ OK | AB13: =IF($C13="","",IFERROR(MATCH($C13,Lib_Names,0),"")) -> 14 | AC13: =IF($AB13="","",IF(INDEX(Lib_Basis,$AB13)="Piece",1,N($E13))) -> 10 | AD13: =IF($AC13="","",INT($AC13)) -> 10 | AE13: =IF($AC13="","",$AC13-$AD13) -> 0 | AF13: =IF($AB13="","",INDEX(Lib_Multi,$AB13)) -> Y | AG13: =IF($AB13="","",INDEX(Lib_Cat,$AB13)) -> Chainstitch | AH13: =IF(N($F13)<=0,0,$F13/100*IF(OR($AB13="",$AC13="",N($AC13)<1,N($AC13)>24),0,IF($AE13=0,INDEX(Engine_Grid,0+$AB13,$AD13),IF(OR($AD13>=24,INDEX(Engine_Grid,0+$AB13,$AD13)=0,INDEX(Engine_Grid,0+$AB13,$AD13+1)=0),0,INDEX(Engine_Grid,0+$AB13,$AD13)*(1-$AE13)+INDEX(Engine_Grid,0+$AB13,$AD13+1)*$AE13)))*IF(N($D13)<1,1,$D13)) -> 7.4173228 | AI13: =IF(N($F13)<=0,0,$F13/100*IF(OR($AB13="",$AC13="",N($AC13)<1,N($AC13)>24),0,IF($AE13=0,INDEX(Engine_Grid,75+$AB13,$AD13),IF(OR($AD13>=24,INDEX(Engine_Grid,75+$AB13,$AD13)=0,INDEX(Engine_Grid,75+$AB13,$AD13+1)=0),0,INDEX(Engine_Grid,75+$AB13,$AD13)*(1-$AE13)+INDEX(Engine_Grid,75+$AB13,$AD13+1)*$AE13)))*IF(N($D13)<1,1,$D13)) -> 8.2440945 | AJ13: =IF(N($F13)<=0,0,$F13/100*IF(OR($AB13="",$AC13="",N($AC13)<1,N($AC13)>24),0,IF($AE13=0,INDEX(Engine_Grid,150+$AB13,$AD13),IF(OR($AD13>=24,INDEX(Engine_Grid,150+$AB13,$AD13)=0,INDEX(Engine_Grid,150+$AB13,$AD13+1)=0),0,INDEX(Engine_Grid,150+$AB13,$AD13)*(1-$AE13)+INDEX(Engine_Grid,150+$AB13,$AD13+1)*$AE13)))*IF(N($D13)<1,1,$D13)) -> 9.4251969 | AK13: =IF(N($F13)<=0,0,$F13/100*IF(OR($AB13="",$AC13="",N($AC13)<1,N($AC13)>24),0,IF($AE13=0,INDEX(Engine_Grid,225+$AB13,$AD13),IF(OR($AD13>=24,INDEX(Engine_Grid,225+$AB13,$AD13)=0,INDEX(Engine_Grid,225+$AB13,$AD13+1)=0),0,INDEX(Engine_Grid,225+$AB13,$AD13)*(1-$AE13)+INDEX(Engine_Grid,225+$AB13,$AD13+1)*$AE13)))*IF(N($D13)<1,1,$D13)) -> 8.8346457
A14: 5 | B14: Waistband attach | C14: 301 Lockstitch | D14: 2 | E14: 12 | F14: 96 | G14: =IF($AB14="","",IF(INDEX(Lib_Basis,$AB14)="Piece","pcs","cm")) -> cm | H14: =IF(OR($AB14="",$AC14="",N($AC14)<1,N($AC14)>24),0,IF($AE14=0,INDEX(Engine_Grid,(WeightIdx-1)*75+$AB14,$AD14),IF(OR($AD14>=24,INDEX(Engine_Grid,(WeightIdx-1)*75+$AB14,$AD14)=0,INDEX(Engine_Grid,(WeightIdx-1)*75+$AB14,$AD14+1)=0),0,INDEX(Engine_Grid,(WeightIdx-1)*75+$AB14,$AD14)*(1-$AE14)+INDEX(Engine_Grid,(WeightIdx-1)*75+$AB14,$AD14+1)*$AE14))) -> 3.7952756 | I14: =IF(OR($H14=0,N($F14)<=0),0,$F14/100*$H14*IF(N($D14)<1,1,$D14)) -> 7.2869291 | J14: =IF($AB14="","",INDEX(Lib_Needle,$AB14)) -> 0.51 | K14: =IF($AB14="","",INDEX(Lib_Bobbin,$AB14)) -> 0.49 | L14: =IF($AB14="","",INDEX(Lib_Looper,$AB14)) -> 0 | M14: =IF($AB14="","",INDEX(Lib_Cover,$AB14)) -> 0 | N14: Tex 40 Spun Poly – Khaki (needle) | O14: =IF($I14=0,0,IF($AF14="Y",$I14*$J14/IF(N($D14)<1,1,$D14),$I14*$J14)) -> 1.8581669 | P14: Tex 40 Spun Poly – Khaki (needle) | Q14: =IF(AND($I14>0,$AF14="Y",IF(N($D14)<1,1,$D14)>=2),$I14*$J14/IF(N($D14)<1,1,$D14),0) -> 1.8581669 | S14: =IF(AND($I14>0,$AF14="Y",IF(N($D14)<1,1,$D14)>=3),$I14*$J14/IF(N($D14)<1,1,$D14),0) -> 0 | T14: Tex 60 Spun Poly – Khaki (bobbin / looper) | U14: =IF($I14=0,0,$I14*$K14) -> 3.5705953 | W14: =IF($I14=0,0,$I14*$L14) -> 0 | Y14: =IF($I14=0,0,$I14*$M14) -> 0 | Z14: =IF($N14="",$O14,0)+IF($P14="",$Q14,0)+IF($R14="",$S14,0)+IF($T14="",$U14,0)+IF($V14="",$W14,0)+IF($X14="",$Y14,0)+IF(AND($AF14="Y",IF(N($D14)<1,1,$D14)>3),$I14*$J14*(IF(N($D14)<1,1,$D14)-3)/IF(N($D14)<1,1,$D14),0) -> 0 | AA14: =IF(AND($C14="",N($F14)=0),"",IF($C14="","⚠ Select a stitch type",IF($AB14="","⚠ Stitch not in library",IF(N($F14)<=0,"⚠ Enter "&IF($G14="pcs","quantity","seam length (cm)"),IF(AND($G14="cm",N($E14)<=0),"⚠ Enter SPI",IF($H14=0,"⚠ No factor at SPI "&$E14&" – valid "&INDEX(Lib_MinSPI,$AB14)&"–"&INDEX(Lib_MaxSPI,$AB14),IF(AND($AF14="Y",IF(N($D14)<1,1,$D14)>3),"⚠ More than 3 rows – thread for extra rows not allocated",IF($Z14>0.00001,"⚠ Assign threads ("&TEXT($Z14,"0.00")&" m unassigned)","✔ OK")))))))) -> ✔ OK | AB14: =IF($C14="","",IFERROR(MATCH($C14,Lib_Names,0),"")) -> 7 | AC14: =IF($AB14="","",IF(INDEX(Lib_Basis,$AB14)="Piece",1,N($E14))) -> 12 | AD14: =IF($AC14="","",INT($AC14)) -> 12 | AE14: =IF($AC14="","",$AC14-$AD14) -> 0 | AF14: =IF($AB14="","",INDEX(Lib_Multi,$AB14)) -> Y | AG14: =IF($AB14="","",INDEX(Lib_Cat,$AB14)) -> Lockstitch / zigzag | AH14: =IF(N($F14)<=0,0,$F14/100*IF(OR($AB14="",$AC14="",N($AC14)<1,N($AC14)>24),0,IF($AE14=0,INDEX(Engine_Grid,0+$AB14,$AD14),IF(OR($AD14>=24,INDEX(Engine_Grid,0+$AB14,$AD14)=0,INDEX(Engine_Grid,0+$AB14,$AD14+1)=0),0,INDEX(Engine_Grid,0+$AB14,$AD14)*(1-$AE14)+INDEX(Engine_Grid,0+$AB14,$AD14+1)*$AE14)))*IF(N($D14)<1,1,$D14)) -> 6.0170079 | AI14: =IF(N($F14)<=0,0,$F14/100*IF(OR($AB14="",$AC14="",N($AC14)<1,N($AC14)>24),0,IF($AE14=0,INDEX(Engine_Grid,75+$AB14,$AD14),IF(OR($AD14>=24,INDEX(Engine_Grid,75+$AB14,$AD14)=0,INDEX(Engine_Grid,75+$AB14,$AD14+1)=0),0,INDEX(Engine_Grid,75+$AB14,$AD14)*(1-$AE14)+INDEX(Engine_Grid,75+$AB14,$AD14+1)*$AE14)))*IF(N($D14)<1,1,$D14)) -> 7.2869291 | AJ14: =IF(N($F14)<=0,0,$F14/100*IF(OR($AB14="",$AC14="",N($AC14)<1,N($AC14)>24),0,IF($AE14=0,INDEX(Engine_Grid,150+$AB14,$AD14),IF(OR($AD14>=24,INDEX(Engine_Grid,150+$AB14,$AD14)=0,INDEX(Engine_Grid,150+$AB14,$AD14+1)=0),0,INDEX(Engine_Grid,150+$AB14,$AD14)*(1-$AE14)+INDEX(Engine_Grid,150+$AB14,$AD14+1)*$AE14)))*IF(N($D14)<1,1,$D14)) -> 9.1011024 | AK14: =IF(N($F14)<=0,0,$F14/100*IF(OR($AB14="",$AC14="",N($AC14)<1,N($AC14)>24),0,IF($AE14=0,INDEX(Engine_Grid,225+$AB14,$AD14),IF(OR($AD14>=24,INDEX(Engine_Grid,225+$AB14,$AD14)=0,INDEX(Engine_Grid,225+$AB14,$AD14+1)=0),0,INDEX(Engine_Grid,225+$AB14,$AD14)*(1-$AE14)+INDEX(Engine_Grid,225+$AB14,$AD14+1)*$AE14)))*IF(N($D14)<1,1,$D14)) -> 8.1940157
A15: 6 | B15: Hem – blind stitch | C15: 103 Blindstitch | D15: 1 | E15: 6 | F15: 110 | G15: =IF($AB15="","",IF(INDEX(Lib_Basis,$AB15)="Piece","pcs","cm")) -> cm | H15: =IF(OR($AB15="",$AC15="",N($AC15)<1,N($AC15)>24),0,IF($AE15=0,INDEX(Engine_Grid,(WeightIdx-1)*75+$AB15,$AD15),IF(OR($AD15>=24,INDEX(Engine_Grid,(WeightIdx-1)*75+$AB15,$AD15)=0,INDEX(Engine_Grid,(WeightIdx-1)*75+$AB15,$AD15+1)=0),0,INDEX(Engine_Grid,(WeightIdx-1)*75+$AB15,$AD15)*(1-$AE15)+INDEX(Engine_Grid,(WeightIdx-1)*75+$AB15,$AD15+1)*$AE15))) -> 3.84 | I15: =IF(OR($H15=0,N($F15)<=0),0,$F15/100*$H15*IF(N($D15)<1,1,$D15)) -> 4.224 | J15: =IF($AB15="","",INDEX(Lib_Needle,$AB15)) -> 1 | K15: =IF($AB15="","",INDEX(Lib_Bobbin,$AB15)) -> 0 | L15: =IF($AB15="","",INDEX(Lib_Looper,$AB15)) -> 0 | M15: =IF($AB15="","",INDEX(Lib_Cover,$AB15)) -> 0 | N15: Tex 40 Spun Poly – Khaki (needle) | O15: =IF($I15=0,0,IF($AF15="Y",$I15*$J15/IF(N($D15)<1,1,$D15),$I15*$J15)) -> 4.224 | Q15: =IF(AND($I15>0,$AF15="Y",IF(N($D15)<1,1,$D15)>=2),$I15*$J15/IF(N($D15)<1,1,$D15),0) -> 0 | S15: =IF(AND($I15>0,$AF15="Y",IF(N($D15)<1,1,$D15)>=3),$I15*$J15/IF(N($D15)<1,1,$D15),0) -> 0 | U15: =IF($I15=0,0,$I15*$K15) -> 0 | W15: =IF($I15=0,0,$I15*$L15) -> 0 | Y15: =IF($I15=0,0,$I15*$M15) -> 0 | Z15: =IF($N15="",$O15,0)+IF($P15="",$Q15,0)+IF($R15="",$S15,0)+IF($T15="",$U15,0)+IF($V15="",$W15,0)+IF($X15="",$Y15,0)+IF(AND($AF15="Y",IF(N($D15)<1,1,$D15)>3),$I15*$J15*(IF(N($D15)<1,1,$D15)-3)/IF(N($D15)<1,1,$D15),0) -> 0 | AA15: =IF(AND($C15="",N($F15)=0),"",IF($C15="","⚠ Select a stitch type",IF($AB15="","⚠ Stitch not in library",IF(N($F15)<=0,"⚠ Enter "&IF($G15="pcs","quantity","seam length (cm)"),IF(AND($G15="cm",N($E15)<=0),"⚠ Enter SPI",IF($H15=0,"⚠ No factor at SPI "&$E15&" – valid "&INDEX(Lib_MinSPI,$AB15)&"–"&INDEX(Lib_MaxSPI,$AB15),IF(AND($AF15="Y",IF(N($D15)<1,1,$D15)>3),"⚠ More than 3 rows – thread for extra rows not allocated",IF($Z15>0.00001,"⚠ Assign threads ("&TEXT($Z15,"0.00")&" m unassigned)","✔ OK")))))))) -> ✔ OK | AB15: =IF($C15="","",IFERROR(MATCH($C15,Lib_Names,0),"")) -> 1 | AC15: =IF($AB15="","",IF(INDEX(Lib_Basis,$AB15)="Piece",1,N($E15))) -> 6 | AD15: =IF($AC15="","",INT($AC15)) -> 6 | AE15: =IF($AC15="","",$AC15-$AD15) -> 0 | AF15: =IF($AB15="","",INDEX(Lib_Multi,$AB15)) -> Y | AG15: =IF($AB15="","",INDEX(Lib_Cat,$AB15)) -> Blind / saddle stitch | AH15: =IF(N($F15)<=0,0,$F15/100*IF(OR($AB15="",$AC15="",N($AC15)<1,N($AC15)>24),0,IF($AE15=0,INDEX(Engine_Grid,0+$AB15,$AD15),IF(OR($AD15>=24,INDEX(Engine_Grid,0+$AB15,$AD15)=0,INDEX(Engine_Grid,0+$AB15,$AD15+1)=0),0,INDEX(Engine_Grid,0+$AB15,$AD15)*(1-$AE15)+INDEX(Engine_Grid,0+$AB15,$AD15+1)*$AE15)))*IF(N($D15)<1,1,$D15)) -> 4.224 | AI15: =IF(N($F15)<=0,0,$F15/100*IF(OR($AB15="",$AC15="",N($AC15)<1,N($AC15)>24),0,IF($AE15=0,INDEX(Engine_Grid,75+$AB15,$AD15),IF(OR($AD15>=24,INDEX(Engine_Grid,75+$AB15,$AD15)=0,INDEX(Engine_Grid,75+$AB15,$AD15+1)=0),0,INDEX(Engine_Grid,75+$AB15,$AD15)*(1-$AE15)+INDEX(Engine_Grid,75+$AB15,$AD15+1)*$AE15)))*IF(N($D15)<1,1,$D15)) -> 4.224 | AJ15: =IF(N($F15)<=0,0,$F15/100*IF(OR($AB15="",$AC15="",N($AC15)<1,N($AC15)>24),0,IF($AE15=0,INDEX(Engine_Grid,150+$AB15,$AD15),IF(OR($AD15>=24,INDEX(Engine_Grid,150+$AB15,$AD15)=0,INDEX(Engine_Grid,150+$AB15,$AD15+1)=0),0,INDEX(Engine_Grid,150+$AB15,$AD15)*(1-$AE15)+INDEX(Engine_Grid,150+$AB15,$AD15+1)*$AE15)))*IF(N($D15)<1,1,$D15)) -> 4.224 | AK15: =IF(N($F15)<=0,0,$F15/100*IF(OR($AB15="",$AC15="",N($AC15)<1,N($AC15)>24),0,IF($AE15=0,INDEX(Engine_Grid,225+$AB15,$AD15),IF(OR($AD15>=24,INDEX(Engine_Grid,225+$AB15,$AD15)=0,INDEX(Engine_Grid,225+$AB15,$AD15+1)=0),0,INDEX(Engine_Grid,225+$AB15,$AD15)*(1-$AE15)+INDEX(Engine_Grid,225+$AB15,$AD15+1)*$AE15)))*IF(N($D15)<1,1,$D15)) -> 4.224
A16: 7 | B16: Belt-loop bartacks (7 pcs) | C16: Bartack 3/8" | F16: 7 | G16: =IF($AB16="","",IF(INDEX(Lib_Basis,$AB16)="Piece","pcs","cm")) -> pcs | H16: =IF(OR($AB16="",$AC16="",N($AC16)<1,N($AC16)>24),0,IF($AE16=0,INDEX(Engine_Grid,(WeightIdx-1)*75+$AB16,$AD16),IF(OR($AD16>=24,INDEX(Engine_Grid,(WeightIdx-1)*75+$AB16,$AD16)=0,INDEX(Engine_Grid,(WeightIdx-1)*75+$AB16,$AD16+1)=0),0,INDEX(Engine_Grid,(WeightIdx-1)*75+$AB16,$AD16)*(1-$AE16)+INDEX(Engine_Grid,(WeightIdx-1)*75+$AB16,$AD16+1)*$AE16))) -> 14 | I16: =IF(OR($H16=0,N($F16)<=0),0,$F16/100*$H16*IF(N($D16)<1,1,$D16)) -> 0.98 | J16: =IF($AB16="","",INDEX(Lib_Needle,$AB16)) -> 0.77 | K16: =IF($AB16="","",INDEX(Lib_Bobbin,$AB16)) -> 0.23 | L16: =IF($AB16="","",INDEX(Lib_Looper,$AB16)) -> 0 | M16: =IF($AB16="","",INDEX(Lib_Cover,$AB16)) -> 0 | N16: Tex 27 Core Poly – Khaki (bartack / buttonhole) | O16: =IF($I16=0,0,IF($AF16="Y",$I16*$J16/IF(N($D16)<1,1,$D16),$I16*$J16)) -> 0.7546 | Q16: =IF(AND($I16>0,$AF16="Y",IF(N($D16)<1,1,$D16)>=2),$I16*$J16/IF(N($D16)<1,1,$D16),0) -> 0 | S16: =IF(AND($I16>0,$AF16="Y",IF(N($D16)<1,1,$D16)>=3),$I16*$J16/IF(N($D16)<1,1,$D16),0) -> 0 | T16: Tex 27 Core Poly – Khaki (bartack / buttonhole) | U16: =IF($I16=0,0,$I16*$K16) -> 0.2254 | W16: =IF($I16=0,0,$I16*$L16) -> 0 | Y16: =IF($I16=0,0,$I16*$M16) -> 0 | Z16: =IF($N16="",$O16,0)+IF($P16="",$Q16,0)+IF($R16="",$S16,0)+IF($T16="",$U16,0)+IF($V16="",$W16,0)+IF($X16="",$Y16,0)+IF(AND($AF16="Y",IF(N($D16)<1,1,$D16)>3),$I16*$J16*(IF(N($D16)<1,1,$D16)-3)/IF(N($D16)<1,1,$D16),0) -> 0 | AA16: =IF(AND($C16="",N($F16)=0),"",IF($C16="","⚠ Select a stitch type",IF($AB16="","⚠ Stitch not in library",IF(N($F16)<=0,"⚠ Enter "&IF($G16="pcs","quantity","seam length (cm)"),IF(AND($G16="cm",N($E16)<=0),"⚠ Enter SPI",IF($H16=0,"⚠ No factor at SPI "&$E16&" – valid "&INDEX(Lib_MinSPI,$AB16)&"–"&INDEX(Lib_MaxSPI,$AB16),IF(AND($AF16="Y",IF(N($D16)<1,1,$D16)>3),"⚠ More than 3 rows – thread for extra rows not allocated",IF($Z16>0.00001,"⚠ Assign threads ("&TEXT($Z16,"0.00")&" m unassigned)","✔ OK")))))))) -> ✔ OK | AB16: =IF($C16="","",IFERROR(MATCH($C16,Lib_Names,0),"")) -> 50 | AC16: =IF($AB16="","",IF(INDEX(Lib_Basis,$AB16)="Piece",1,N($E16))) -> 1 | AD16: =IF($AC16="","",INT($AC16)) -> 1 | AE16: =IF($AC16="","",$AC16-$AD16) -> 0 | AF16: =IF($AB16="","",INDEX(Lib_Multi,$AB16)) -> N | AG16: =IF($AB16="","",INDEX(Lib_Cat,$AB16)) -> Bartack | AH16: =IF(N($F16)<=0,0,$F16/100*IF(OR($AB16="",$AC16="",N($AC16)<1,N($AC16)>24),0,IF($AE16=0,INDEX(Engine_Grid,0+$AB16,$AD16),IF(OR($AD16>=24,INDEX(Engine_Grid,0+$AB16,$AD16)=0,INDEX(Engine_Grid,0+$AB16,$AD16+1)=0),0,INDEX(Engine_Grid,0+$AB16,$AD16)*(1-$AE16)+INDEX(Engine_Grid,0+$AB16,$AD16+1)*$AE16)))*IF(N($D16)<1,1,$D16)) -> 0.91 | AI16: =IF(N($F16)<=0,0,$F16/100*IF(OR($AB16="",$AC16="",N($AC16)<1,N($AC16)>24),0,IF($AE16=0,INDEX(Engine_Grid,75+$AB16,$AD16),IF(OR($AD16>=24,INDEX(Engine_Grid,75+$AB16,$AD16)=0,INDEX(Engine_Grid,75+$AB16,$AD16+1)=0),0,INDEX(Engine_Grid,75+$AB16,$AD16)*(1-$AE16)+INDEX(Engine_Grid,75+$AB16,$AD16+1)*$AE16)))*IF(N($D16)<1,1,$D16)) -> 0.98 | AJ16: =IF(N($F16)<=0,0,$F16/100*IF(OR($AB16="",$AC16="",N($AC16)<1,N($AC16)>24),0,IF($AE16=0,INDEX(Engine_Grid,150+$AB16,$AD16),IF(OR($AD16>=24,INDEX(Engine_Grid,150+$AB16,$AD16)=0,INDEX(Engine_Grid,150+$AB16,$AD16+1)=0),0,INDEX(Engine_Grid,150+$AB16,$AD16)*(1-$AE16)+INDEX(Engine_Grid,150+$AB16,$AD16+1)*$AE16)))*IF(N($D16)<1,1,$D16)) -> 1.4 | AK16: =IF(N($F16)<=0,0,$F16/100*IF(OR($AB16="",$AC16="",N($AC16)<1,N($AC16)>24),0,IF($AE16=0,INDEX(Engine_Grid,225+$AB16,$AD16),IF(OR($AD16>=24,INDEX(Engine_Grid,225+$AB16,$AD16)=0,INDEX(Engine_Grid,225+$AB16,$AD16+1)=0),0,INDEX(Engine_Grid,225+$AB16,$AD16)*(1-$AE16)+INDEX(Engine_Grid,225+$AB16,$AD16+1)*$AE16)))*IF(N($D16)<1,1,$D16)) -> 0.98
A17: 8 | B17: Waistband buttonhole | C17: BH 3/4" | F17: 1 | G17: =IF($AB17="","",IF(INDEX(Lib_Basis,$AB17)="Piece","pcs","cm")) -> pcs | H17: =IF(OR($AB17="",$AC17="",N($AC17)<1,N($AC17)>24),0,IF($AE17=0,INDEX(Engine_Grid,(WeightIdx-1)*75+$AB17,$AD17),IF(OR($AD17>=24,INDEX(Engine_Grid,(WeightIdx-1)*75+$AB17,$AD17)=0,INDEX(Engine_Grid,(WeightIdx-1)*75+$AB17,$AD17+1)=0),0,INDEX(Engine_Grid,(WeightIdx-1)*75+$AB17,$AD17)*(1-$AE17)+INDEX(Engine_Grid,(WeightIdx-1)*75+$AB17,$AD17+1)*$AE17))) -> 30 | I17: =IF(OR($H17=0,N($F17)<=0),0,$F17/100*$H17*IF(N($D17)<1,1,$D17)) -> 0.3 | J17: =IF($AB17="","",INDEX(Lib_Needle,$AB17)) -> 0.77 | K17: =IF($AB17="","",INDEX(Lib_Bobbin,$AB17)) -> 0.23 | L17: =IF($AB17="","",INDEX(Lib_Looper,$AB17)) -> 0 | M17: =IF($AB17="","",INDEX(Lib_Cover,$AB17)) -> 0 | N17: Tex 27 Core Poly – Khaki (bartack / buttonhole) | O17: =IF($I17=0,0,IF($AF17="Y",$I17*$J17/IF(N($D17)<1,1,$D17),$I17*$J17)) -> 0.231 | Q17: =IF(AND($I17>0,$AF17="Y",IF(N($D17)<1,1,$D17)>=2),$I17*$J17/IF(N($D17)<1,1,$D17),0) -> 0 | S17: =IF(AND($I17>0,$AF17="Y",IF(N($D17)<1,1,$D17)>=3),$I17*$J17/IF(N($D17)<1,1,$D17),0) -> 0 | T17: Tex 27 Core Poly – Khaki (bartack / buttonhole) | U17: =IF($I17=0,0,$I17*$K17) -> 0.069 | W17: =IF($I17=0,0,$I17*$L17) -> 0 | Y17: =IF($I17=0,0,$I17*$M17) -> 0 | Z17: =IF($N17="",$O17,0)+IF($P17="",$Q17,0)+IF($R17="",$S17,0)+IF($T17="",$U17,0)+IF($V17="",$W17,0)+IF($X17="",$Y17,0)+IF(AND($AF17="Y",IF(N($D17)<1,1,$D17)>3),$I17*$J17*(IF(N($D17)<1,1,$D17)-3)/IF(N($D17)<1,1,$D17),0) -> 0 | AA17: =IF(AND($C17="",N($F17)=0),"",IF($C17="","⚠ Select a stitch type",IF($AB17="","⚠ Stitch not in library",IF(N($F17)<=0,"⚠ Enter "&IF($G17="pcs","quantity","seam length (cm)"),IF(AND($G17="cm",N($E17)<=0),"⚠ Enter SPI",IF($H17=0,"⚠ No factor at SPI "&$E17&" – valid "&INDEX(Lib_MinSPI,$AB17)&"–"&INDEX(Lib_MaxSPI,$AB17),IF(AND($AF17="Y",IF(N($D17)<1,1,$D17)>3),"⚠ More than 3 rows – thread for extra rows not allocated",IF($Z17>0.00001,"⚠ Assign threads ("&TEXT($Z17,"0.00")&" m unassigned)","✔ OK")))))))) -> ✔ OK | AB17: =IF($C17="","",IFERROR(MATCH($C17,Lib_Names,0),"")) -> 57 | AC17: =IF($AB17="","",IF(INDEX(Lib_Basis,$AB17)="Piece",1,N($E17))) -> 1 | AD17: =IF($AC17="","",INT($AC17)) -> 1 | AE17: =IF($AC17="","",$AC17-$AD17) -> 0 | AF17: =IF($AB17="","",INDEX(Lib_Multi,$AB17)) -> N | AG17: =IF($AB17="","",INDEX(Lib_Cat,$AB17)) -> Buttonhole | AH17: =IF(N($F17)<=0,0,$F17/100*IF(OR($AB17="",$AC17="",N($AC17)<1,N($AC17)>24),0,IF($AE17=0,INDEX(Engine_Grid,0+$AB17,$AD17),IF(OR($AD17>=24,INDEX(Engine_Grid,0+$AB17,$AD17)=0,INDEX(Engine_Grid,0+$AB17,$AD17+1)=0),0,INDEX(Engine_Grid,0+$AB17,$AD17)*(1-$AE17)+INDEX(Engine_Grid,0+$AB17,$AD17+1)*$AE17)))*IF(N($D17)<1,1,$D17)) -> 0.3 | AI17: =IF(N($F17)<=0,0,$F17/100*IF(OR($AB17="",$AC17="",N($AC17)<1,N($AC17)>24),0,IF($AE17=0,INDEX(Engine_Grid,75+$AB17,$AD17),IF(OR($AD17>=24,INDEX(Engine_Grid,75+$AB17,$AD17)=0,INDEX(Engine_Grid,75+$AB17,$AD17+1)=0),0,INDEX(Engine_Grid,75+$AB17,$AD17)*(1-$AE17)+INDEX(Engine_Grid,75+$AB17,$AD17+1)*$AE17)))*IF(N($D17)<1,1,$D17)) -> 0.3 | AJ17: =IF(N($F17)<=0,0,$F17/100*IF(OR($AB17="",$AC17="",N($AC17)<1,N($AC17)>24),0,IF($AE17=0,INDEX(Engine_Grid,150+$AB17,$AD17),IF(OR($AD17>=24,INDEX(Engine_Grid,150+$AB17,$AD17)=0,INDEX(Engine_Grid,150+$AB17,$AD17+1)=0),0,INDEX(Engine_Grid,150+$AB17,$AD17)*(1-$AE17)+INDEX(Engine_Grid,150+$AB17,$AD17+1)*$AE17)))*IF(N($D17)<1,1,$D17)) -> 0.39 | AK17: =IF(N($F17)<=0,0,$F17/100*IF(OR($AB17="",$AC17="",N($AC17)<1,N($AC17)>24),0,IF($AE17=0,INDEX(Engine_Grid,225+$AB17,$AD17),IF(OR($AD17>=24,INDEX(Engine_Grid,225+$AB17,$AD17)=0,INDEX(Engine_Grid,225+$AB17,$AD17+1)=0),0,INDEX(Engine_Grid,225+$AB17,$AD17)*(1-$AE17)+INDEX(Engine_Grid,225+$AB17,$AD17+1)*$AE17)))*IF(N($D17)<1,1,$D17)) -> 0.3
A18: 9 | B18: Button sew – 4 hole | C18: BS 4 hole | F18: 1 | G18: =IF($AB18="","",IF(INDEX(Lib_Basis,$AB18)="Piece","pcs","cm")) -> pcs | H18: =IF(OR($AB18="",$AC18="",N($AC18)<1,N($AC18)>24),0,IF($AE18=0,INDEX(Engine_Grid,(WeightIdx-1)*75+$AB18,$AD18),IF(OR($AD18>=24,INDEX(Engine_Grid,(WeightIdx-1)*75+$AB18,$AD18)=0,INDEX(Engine_Grid,(WeightIdx-1)*75+$AB18,$AD18+1)=0),0,INDEX(Engine_Grid,(WeightIdx-1)*75+$AB18,$AD18)*(1-$AE18)+INDEX(Engine_Grid,(WeightIdx-1)*75+$AB18,$AD18+1)*$AE18))) -> 14 | I18: =IF(OR($H18=0,N($F18)<=0),0,$F18/100*$H18*IF(N($D18)<1,1,$D18)) -> 0.14 | J18: =IF($AB18="","",INDEX(Lib_Needle,$AB18)) -> 0.7 | K18: =IF($AB18="","",INDEX(Lib_Bobbin,$AB18)) -> 0.3 | L18: =IF($AB18="","",INDEX(Lib_Looper,$AB18)) -> 0 | M18: =IF($AB18="","",INDEX(Lib_Cover,$AB18)) -> 0 | N18: Tex 27 Core Poly – Khaki (bartack / buttonhole) | O18: =IF($I18=0,0,IF($AF18="Y",$I18*$J18/IF(N($D18)<1,1,$D18),$I18*$J18)) -> 0.098 | Q18: =IF(AND($I18>0,$AF18="Y",IF(N($D18)<1,1,$D18)>=2),$I18*$J18/IF(N($D18)<1,1,$D18),0) -> 0 | S18: =IF(AND($I18>0,$AF18="Y",IF(N($D18)<1,1,$D18)>=3),$I18*$J18/IF(N($D18)<1,1,$D18),0) -> 0 | T18: Tex 27 Core Poly – Khaki (bartack / buttonhole) | U18: =IF($I18=0,0,$I18*$K18) -> 0.042 | W18: =IF($I18=0,0,$I18*$L18) -> 0 | Y18: =IF($I18=0,0,$I18*$M18) -> 0 | Z18: =IF($N18="",$O18,0)+IF($P18="",$Q18,0)+IF($R18="",$S18,0)+IF($T18="",$U18,0)+IF($V18="",$W18,0)+IF($X18="",$Y18,0)+IF(AND($AF18="Y",IF(N($D18)<1,1,$D18)>3),$I18*$J18*(IF(N($D18)<1,1,$D18)-3)/IF(N($D18)<1,1,$D18),0) -> 0 | AA18: =IF(AND($C18="",N($F18)=0),"",IF($C18="","⚠ Select a stitch type",IF($AB18="","⚠ Stitch not in library",IF(N($F18)<=0,"⚠ Enter "&IF($G18="pcs","quantity","seam length (cm)"),IF(AND($G18="cm",N($E18)<=0),"⚠ Enter SPI",IF($H18=0,"⚠ No factor at SPI "&$E18&" – valid "&INDEX(Lib_MinSPI,$AB18)&"–"&INDEX(Lib_MaxSPI,$AB18),IF(AND($AF18="Y",IF(N($D18)<1,1,$D18)>3),"⚠ More than 3 rows – thread for extra rows not allocated",IF($Z18>0.00001,"⚠ Assign threads ("&TEXT($Z18,"0.00")&" m unassigned)","✔ OK")))))))) -> ✔ OK | AB18: =IF($C18="","",IFERROR(MATCH($C18,Lib_Names,0),"")) -> 54 | AC18: =IF($AB18="","",IF(INDEX(Lib_Basis,$AB18)="Piece",1,N($E18))) -> 1 | AD18: =IF($AC18="","",INT($AC18)) -> 1 | AE18: =IF($AC18="","",$AC18-$AD18) -> 0 | AF18: =IF($AB18="","",INDEX(Lib_Multi,$AB18)) -> N | AG18: =IF($AB18="","",INDEX(Lib_Cat,$AB18)) -> Button sew | AH18: =IF(N($F18)<=0,0,$F18/100*IF(OR($AB18="",$AC18="",N($AC18)<1,N($AC18)>24),0,IF($AE18=0,INDEX(Engine_Grid,0+$AB18,$AD18),IF(OR($AD18>=24,INDEX(Engine_Grid,0+$AB18,$AD18)=0,INDEX(Engine_Grid,0+$AB18,$AD18+1)=0),0,INDEX(Engine_Grid,0+$AB18,$AD18)*(1-$AE18)+INDEX(Engine_Grid,0+$AB18,$AD18+1)*$AE18)))*IF(N($D18)<1,1,$D18)) -> 0.08 | AI18: =IF(N($F18)<=0,0,$F18/100*IF(OR($AB18="",$AC18="",N($AC18)<1,N($AC18)>24),0,IF($AE18=0,INDEX(Engine_Grid,75+$AB18,$AD18),IF(OR($AD18>=24,INDEX(Engine_Grid,75+$AB18,$AD18)=0,INDEX(Engine_Grid,75+$AB18,$AD18+1)=0),0,INDEX(Engine_Grid,75+$AB18,$AD18)*(1-$AE18)+INDEX(Engine_Grid,75+$AB18,$AD18+1)*$AE18)))*IF(N($D18)<1,1,$D18)) -> 0.14 | AJ18: =IF(N($F18)<=0,0,$F18/100*IF(OR($AB18="",$AC18="",N($AC18)<1,N($AC18)>24),0,IF($AE18=0,INDEX(Engine_Grid,150+$AB18,$AD18),IF(OR($AD18>=24,INDEX(Engine_Grid,150+$AB18,$AD18)=0,INDEX(Engine_Grid,150+$AB18,$AD18+1)=0),0,INDEX(Engine_Grid,150+$AB18,$AD18)*(1-$AE18)+INDEX(Engine_Grid,150+$AB18,$AD18+1)*$AE18)))*IF(N($D18)<1,1,$D18)) -> 0.18 | AK18: =IF(N($F18)<=0,0,$F18/100*IF(OR($AB18="",$AC18="",N($AC18)<1,N($AC18)>24),0,IF($AE18=0,INDEX(Engine_Grid,225+$AB18,$AD18),IF(OR($AD18>=24,INDEX(Engine_Grid,225+$AB18,$AD18)=0,INDEX(Engine_Grid,225+$AB18,$AD18+1)=0),0,INDEX(Engine_Grid,225+$AB18,$AD18)*(1-$AE18)+INDEX(Engine_Grid,225+$AB18,$AD18+1)*$AE18)))*IF(N($D18)<1,1,$D18)) -> 0.14
A19: 10 | G19: =IF($AB19="","",IF(INDEX(Lib_Basis,$AB19)="Piece","pcs","cm")) | H19: =IF(OR($AB19="",$AC19="",N($AC19)<1,N($AC19)>24),0,IF($AE19=0,INDEX(Engine_Grid,(WeightIdx-1)*75+$AB19,$AD19),IF(OR($AD19>=24,INDEX(Engine_Grid,(WeightIdx-1)*75+$AB19,$AD19)=0,INDEX(Engine_Grid,(WeightIdx-1)*75+$AB19,$AD19+1)=0),0,INDEX(Engine_Grid,(WeightIdx-1)*75+$AB19,$AD19)*(1-$AE19)+INDEX(Engine_Grid,(WeightIdx-1)*75+$AB19,$AD19+1)*$AE19))) -> 0 | I19: =IF(OR($H19=0,N($F19)<=0),0,$F19/100*$H19*IF(N($D19)<1,1,$D19)) -> 0 | J19: =IF($AB19="","",INDEX(Lib_Needle,$AB19)) | K19: =IF($AB19="","",INDEX(Lib_Bobbin,$AB19)) | L19: =IF($AB19="","",INDEX(Lib_Looper,$AB19)) | M19: =IF($AB19="","",INDEX(Lib_Cover,$AB19)) | O19: =IF($I19=0,0,IF($AF19="Y",$I19*$J19/IF(N($D19)<1,1,$D19),$I19*$J19)) -> 0 | Q19: =IF(AND($I19>0,$AF19="Y",IF(N($D19)<1,1,$D19)>=2),$I19*$J19/IF(N($D19)<1,1,$D19),0) -> 0 | S19: =IF(AND($I19>0,$AF19="Y",IF(N($D19)<1,1,$D19)>=3),$I19*$J19/IF(N($D19)<1,1,$D19),0) -> 0 | U19: =IF($I19=0,0,$I19*$K19) -> 0 | W19: =IF($I19=0,0,$I19*$L19) -> 0 | Y19: =IF($I19=0,0,$I19*$M19) -> 0 | Z19: =IF($N19="",$O19,0)+IF($P19="",$Q19,0)+IF($R19="",$S19,0)+IF($T19="",$U19,0)+IF($V19="",$W19,0)+IF($X19="",$Y19,0)+IF(AND($AF19="Y",IF(N($D19)<1,1,$D19)>3),$I19*$J19*(IF(N($D19)<1,1,$D19)-3)/IF(N($D19)<1,1,$D19),0) -> 0 | AA19: =IF(AND($C19="",N($F19)=0),"",IF($C19="","⚠ Select a stitch type",IF($AB19="","⚠ Stitch not in library",IF(N($F19)<=0,"⚠ Enter "&IF($G19="pcs","quantity","seam length (cm)"),IF(AND($G19="cm",N($E19)<=0),"⚠ Enter SPI",IF($H19=0,"⚠ No factor at SPI "&$E19&" – valid "&INDEX(Lib_MinSPI,$AB19)&"–"&INDEX(Lib_MaxSPI,$AB19),IF(AND($AF19="Y",IF(N($D19)<1,1,$D19)>3),"⚠ More than 3 rows – thread for extra rows not allocated",IF($Z19>0.00001,"⚠ Assign threads ("&TEXT($Z19,"0.00")&" m unassigned)","✔ OK")))))))) | AB19: =IF($C19="","",IFERROR(MATCH($C19,Lib_Names,0),"")) | AC19: =IF($AB19="","",IF(INDEX(Lib_Basis,$AB19)="Piece",1,N($E19))) | AD19: =IF($AC19="","",INT($AC19)) | AE19: =IF($AC19="","",$AC19-$AD19) | AF19: =IF($AB19="","",INDEX(Lib_Multi,$AB19)) | AG19: =IF($AB19="","",INDEX(Lib_Cat,$AB19)) | AH19: =IF(N($F19)<=0,0,$F19/100*IF(OR($AB19="",$AC19="",N($AC19)<1,N($AC19)>24),0,IF($AE19=0,INDEX(Engine_Grid,0+$AB19,$AD19),IF(OR($AD19>=24,INDEX(Engine_Grid,0+$AB19,$AD19)=0,INDEX(Engine_Grid,0+$AB19,$AD19+1)=0),0,INDEX(Engine_Grid,0+$AB19,$AD19)*(1-$AE19)+INDEX(Engine_Grid,0+$AB19,$AD19+1)*$AE19)))*IF(N($D19)<1,1,$D19)) -> 0 | AI19: =IF(N($F19)<=0,0,$F19/100*IF(OR($AB19="",$AC19="",N($AC19)<1,N($AC19)>24),0,IF($AE19=0,INDEX(Engine_Grid,75+$AB19,$AD19),IF(OR($AD19>=24,INDEX(Engine_Grid,75+$AB19,$AD19)=0,INDEX(Engine_Grid,75+$AB19,$AD19+1)=0),0,INDEX(Engine_Grid,75+$AB19,$AD19)*(1-$AE19)+INDEX(Engine_Grid,75+$AB19,$AD19+1)*$AE19)))*IF(N($D19)<1,1,$D19)) -> 0 | AJ19: =IF(N($F19)<=0,0,$F19/100*IF(OR($AB19="",$AC19="",N($AC19)<1,N($AC19)>24),0,IF($AE19=0,INDEX(Engine_Grid,150+$AB19,$AD19),IF(OR($AD19>=24,INDEX(Engine_Grid,150+$AB19,$AD19)=0,INDEX(Engine_Grid,150+$AB19,$AD19+1)=0),0,INDEX(Engine_Grid,150+$AB19,$AD19)*(1-$AE19)+INDEX(Engine_Grid,150+$AB19,$AD19+1)*$AE19)))*IF(N($D19)<1,1,$D19)) -> 0 | AK19: =IF(N($F19)<=0,0,$F19/100*IF(OR($AB19="",$AC19="",N($AC19)<1,N($AC19)>24),0,IF($AE19=0,INDEX(Engine_Grid,225+$AB19,$AD19),IF(OR($AD19>=24,INDEX(Engine_Grid,225+$AB19,$AD19)=0,INDEX(Engine_Grid,225+$AB19,$AD19+1)=0),0,INDEX(Engine_Grid,225+$AB19,$AD19)*(1-$AE19)+INDEX(Engine_Grid,225+$AB19,$AD19+1)*$AE19)))*IF(N($D19)<1,1,$D19)) -> 0
A20: 11 | G20: =IF($AB20="","",IF(INDEX(Lib_Basis,$AB20)="Piece","pcs","cm")) | H20: =IF(OR($AB20="",$AC20="",N($AC20)<1,N($AC20)>24),0,IF($AE20=0,INDEX(Engine_Grid,(WeightIdx-1)*75+$AB20,$AD20),IF(OR($AD20>=24,INDEX(Engine_Grid,(WeightIdx-1)*75+$AB20,$AD20)=0,INDEX(Engine_Grid,(WeightIdx-1)*75+$AB20,$AD20+1)=0),0,INDEX(Engine_Grid,(WeightIdx-1)*75+$AB20,$AD20)*(1-$AE20)+INDEX(Engine_Grid,(WeightIdx-1)*75+$AB20,$AD20+1)*$AE20))) -> 0 | I20: =IF(OR($H20=0,N($F20)<=0),0,$F20/100*$H20*IF(N($D20)<1,1,$D20)) -> 0 | J20: =IF($AB20="","",INDEX(Lib_Needle,$AB20)) | K20: =IF($AB20="","",INDEX(Lib_Bobbin,$AB20)) | L20: =IF($AB20="","",INDEX(Lib_Looper,$AB20)) | M20: =IF($AB20="","",INDEX(Lib_Cover,$AB20)) | O20: =IF($I20=0,0,IF($AF20="Y",$I20*$J20/IF(N($D20)<1,1,$D20),$I20*$J20)) -> 0 | Q20: =IF(AND($I20>0,$AF20="Y",IF(N($D20)<1,1,$D20)>=2),$I20*$J20/IF(N($D20)<1,1,$D20),0) -> 0 | S20: =IF(AND($I20>0,$AF20="Y",IF(N($D20)<1,1,$D20)>=3),$I20*$J20/IF(N($D20)<1,1,$D20),0) -> 0 | U20: =IF($I20=0,0,$I20*$K20) -> 0 | W20: =IF($I20=0,0,$I20*$L20) -> 0 | Y20: =IF($I20=0,0,$I20*$M20) -> 0 | Z20: =IF($N20="",$O20,0)+IF($P20="",$Q20,0)+IF($R20="",$S20,0)+IF($T20="",$U20,0)+IF($V20="",$W20,0)+IF($X20="",$Y20,0)+IF(AND($AF20="Y",IF(N($D20)<1,1,$D20)>3),$I20*$J20*(IF(N($D20)<1,1,$D20)-3)/IF(N($D20)<1,1,$D20),0) -> 0 | AA20: =IF(AND($C20="",N($F20)=0),"",IF($C20="","⚠ Select a stitch type",IF($AB20="","⚠ Stitch not in library",IF(N($F20)<=0,"⚠ Enter "&IF($G20="pcs","quantity","seam length (cm)"),IF(AND($G20="cm",N($E20)<=0),"⚠ Enter SPI",IF($H20=0,"⚠ No factor at SPI "&$E20&" – valid "&INDEX(Lib_MinSPI,$AB20)&"–"&INDEX(Lib_MaxSPI,$AB20),IF(AND($AF20="Y",IF(N($D20)<1,1,$D20)>3),"⚠ More than 3 rows – thread for extra rows not allocated",IF($Z20>0.00001,"⚠ Assign threads ("&TEXT($Z20,"0.00")&" m unassigned)","✔ OK")))))))) | AB20: =IF($C20="","",IFERROR(MATCH($C20,Lib_Names,0),"")) | AC20: =IF($AB20="","",IF(INDEX(Lib_Basis,$AB20)="Piece",1,N($E20))) | AD20: =IF($AC20="","",INT($AC20)) | AE20: =IF($AC20="","",$AC20-$AD20) | AF20: =IF($AB20="","",INDEX(Lib_Multi,$AB20)) | AG20: =IF($AB20="","",INDEX(Lib_Cat,$AB20)) | AH20: =IF(N($F20)<=0,0,$F20/100*IF(OR($AB20="",$AC20="",N($AC20)<1,N($AC20)>24),0,IF($AE20=0,INDEX(Engine_Grid,0+$AB20,$AD20),IF(OR($AD20>=24,INDEX(Engine_Grid,0+$AB20,$AD20)=0,INDEX(Engine_Grid,0+$AB20,$AD20+1)=0),0,INDEX(Engine_Grid,0+$AB20,$AD20)*(1-$AE20)+INDEX(Engine_Grid,0+$AB20,$AD20+1)*$AE20)))*IF(N($D20)<1,1,$D20)) -> 0 | AI20: =IF(N($F20)<=0,0,$F20/100*IF(OR($AB20="",$AC20="",N($AC20)<1,N($AC20)>24),0,IF($AE20=0,INDEX(Engine_Grid,75+$AB20,$AD20),IF(OR($AD20>=24,INDEX(Engine_Grid,75+$AB20,$AD20)=0,INDEX(Engine_Grid,75+$AB20,$AD20+1)=0),0,INDEX(Engine_Grid,75+$AB20,$AD20)*(1-$AE20)+INDEX(Engine_Grid,75+$AB20,$AD20+1)*$AE20)))*IF(N($D20)<1,1,$D20)) -> 0 | AJ20: =IF(N($F20)<=0,0,$F20/100*IF(OR($AB20="",$AC20="",N($AC20)<1,N($AC20)>24),0,IF($AE20=0,INDEX(Engine_Grid,150+$AB20,$AD20),IF(OR($AD20>=24,INDEX(Engine_Grid,150+$AB20,$AD20)=0,INDEX(Engine_Grid,150+$AB20,$AD20+1)=0),0,INDEX(Engine_Grid,150+$AB20,$AD20)*(1-$AE20)+INDEX(Engine_Grid,150+$AB20,$AD20+1)*$AE20)))*IF(N($D20)<1,1,$D20)) -> 0 | AK20: =IF(N($F20)<=0,0,$F20/100*IF(OR($AB20="",$AC20="",N($AC20)<1,N($AC20)>24),0,IF($AE20=0,INDEX(Engine_Grid,225+$AB20,$AD20),IF(OR($AD20>=24,INDEX(Engine_Grid,225+$AB20,$AD20)=0,INDEX(Engine_Grid,225+$AB20,$AD20+1)=0),0,INDEX(Engine_Grid,225+$AB20,$AD20)*(1-$AE20)+INDEX(Engine_Grid,225+$AB20,$AD20+1)*$AE20)))*IF(N($D20)<1,1,$D20)) -> 0
A21: 12 | G21: =IF($AB21="","",IF(INDEX(Lib_Basis,$AB21)="Piece","pcs","cm")) | H21: =IF(OR($AB21="",$AC21="",N($AC21)<1,N($AC21)>24),0,IF($AE21=0,INDEX(Engine_Grid,(WeightIdx-1)*75+$AB21,$AD21),IF(OR($AD21>=24,INDEX(Engine_Grid,(WeightIdx-1)*75+$AB21,$AD21)=0,INDEX(Engine_Grid,(WeightIdx-1)*75+$AB21,$AD21+1)=0),0,INDEX(Engine_Grid,(WeightIdx-1)*75+$AB21,$AD21)*(1-$AE21)+INDEX(Engine_Grid,(WeightIdx-1)*75+$AB21,$AD21+1)*$AE21))) -> 0 | I21: =IF(OR($H21=0,N($F21)<=0),0,$F21/100*$H21*IF(N($D21)<1,1,$D21)) -> 0 | J21: =IF($AB21="","",INDEX(Lib_Needle,$AB21)) | K21: =IF($AB21="","",INDEX(Lib_Bobbin,$AB21)) | L21: =IF($AB21="","",INDEX(Lib_Looper,$AB21)) | M21: =IF($AB21="","",INDEX(Lib_Cover,$AB21)) | O21: =IF($I21=0,0,IF($AF21="Y",$I21*$J21/IF(N($D21)<1,1,$D21),$I21*$J21)) -> 0 | Q21: =IF(AND($I21>0,$AF21="Y",IF(N($D21)<1,1,$D21)>=2),$I21*$J21/IF(N($D21)<1,1,$D21),0) -> 0 | S21: =IF(AND($I21>0,$AF21="Y",IF(N($D21)<1,1,$D21)>=3),$I21*$J21/IF(N($D21)<1,1,$D21),0) -> 0 | U21: =IF($I21=0,0,$I21*$K21) -> 0 | W21: =IF($I21=0,0,$I21*$L21) -> 0 | Y21: =IF($I21=0,0,$I21*$M21) -> 0 | Z21: =IF($N21="",$O21,0)+IF($P21="",$Q21,0)+IF($R21="",$S21,0)+IF($T21="",$U21,0)+IF($V21="",$W21,0)+IF($X21="",$Y21,0)+IF(AND($AF21="Y",IF(N($D21)<1,1,$D21)>3),$I21*$J21*(IF(N($D21)<1,1,$D21)-3)/IF(N($D21)<1,1,$D21),0) -> 0 | AA21: =IF(AND($C21="",N($F21)=0),"",IF($C21="","⚠ Select a stitch type",IF($AB21="","⚠ Stitch not in library",IF(N($F21)<=0,"⚠ Enter "&IF($G21="pcs","quantity","seam length (cm)"),IF(AND($G21="cm",N($E21)<=0),"⚠ Enter SPI",IF($H21=0,"⚠ No factor at SPI "&$E21&" – valid "&INDEX(Lib_MinSPI,$AB21)&"–"&INDEX(Lib_MaxSPI,$AB21),IF(AND($AF21="Y",IF(N($D21)<1,1,$D21)>3),"⚠ More than 3 rows – thread for extra rows not allocated",IF($Z21>0.00001,"⚠ Assign threads ("&TEXT($Z21,"0.00")&" m unassigned)","✔ OK")))))))) | AB21: =IF($C21="","",IFERROR(MATCH($C21,Lib_Names,0),"")) | AC21: =IF($AB21="","",IF(INDEX(Lib_Basis,$AB21)="Piece",1,N($E21))) | AD21: =IF($AC21="","",INT($AC21)) | AE21: =IF($AC21="","",$AC21-$AD21) | AF21: =IF($AB21="","",INDEX(Lib_Multi,$AB21)) | AG21: =IF($AB21="","",INDEX(Lib_Cat,$AB21)) | AH21: =IF(N($F21)<=0,0,$F21/100*IF(OR($AB21="",$AC21="",N($AC21)<1,N($AC21)>24),0,IF($AE21=0,INDEX(Engine_Grid,0+$AB21,$AD21),IF(OR($AD21>=24,INDEX(Engine_Grid,0+$AB21,$AD21)=0,INDEX(Engine_Grid,0+$AB21,$AD21+1)=0),0,INDEX(Engine_Grid,0+$AB21,$AD21)*(1-$AE21)+INDEX(Engine_Grid,0+$AB21,$AD21+1)*$AE21)))*IF(N($D21)<1,1,$D21)) -> 0 | AI21: =IF(N($F21)<=0,0,$F21/100*IF(OR($AB21="",$AC21="",N($AC21)<1,N($AC21)>24),0,IF($AE21=0,INDEX(Engine_Grid,75+$AB21,$AD21),IF(OR($AD21>=24,INDEX(Engine_Grid,75+$AB21,$AD21)=0,INDEX(Engine_Grid,75+$AB21,$AD21+1)=0),0,INDEX(Engine_Grid,75+$AB21,$AD21)*(1-$AE21)+INDEX(Engine_Grid,75+$AB21,$AD21+1)*$AE21)))*IF(N($D21)<1,1,$D21)) -> 0 | AJ21: =IF(N($F21)<=0,0,$F21/100*IF(OR($AB21="",$AC21="",N($AC21)<1,N($AC21)>24),0,IF($AE21=0,INDEX(Engine_Grid,150+$AB21,$AD21),IF(OR($AD21>=24,INDEX(Engine_Grid,150+$AB21,$AD21)=0,INDEX(Engine_Grid,150+$AB21,$AD21+1)=0),0,INDEX(Engine_Grid,150+$AB21,$AD21)*(1-$AE21)+INDEX(Engine_Grid,150+$AB21,$AD21+1)*$AE21)))*IF(N($D21)<1,1,$D21)) -> 0 | AK21: =IF(N($F21)<=0,0,$F21/100*IF(OR($AB21="",$AC21="",N($AC21)<1,N($AC21)>24),0,IF($AE21=0,INDEX(Engine_Grid,225+$AB21,$AD21),IF(OR($AD21>=24,INDEX(Engine_Grid,225+$AB21,$AD21)=0,INDEX(Engine_Grid,225+$AB21,$AD21+1)=0),0,INDEX(Engine_Grid,225+$AB21,$AD21)*(1-$AE21)+INDEX(Engine_Grid,225+$AB21,$AD21+1)*$AE21)))*IF(N($D21)<1,1,$D21)) -> 0
A22: 13 | G22: =IF($AB22="","",IF(INDEX(Lib_Basis,$AB22)="Piece","pcs","cm")) | H22: =IF(OR($AB22="",$AC22="",N($AC22)<1,N($AC22)>24),0,IF($AE22=0,INDEX(Engine_Grid,(WeightIdx-1)*75+$AB22,$AD22),IF(OR($AD22>=24,INDEX(Engine_Grid,(WeightIdx-1)*75+$AB22,$AD22)=0,INDEX(Engine_Grid,(WeightIdx-1)*75+$AB22,$AD22+1)=0),0,INDEX(Engine_Grid,(WeightIdx-1)*75+$AB22,$AD22)*(1-$AE22)+INDEX(Engine_Grid,(WeightIdx-1)*75+$AB22,$AD22+1)*$AE22))) -> 0 | I22: =IF(OR($H22=0,N($F22)<=0),0,$F22/100*$H22*IF(N($D22)<1,1,$D22)) -> 0 | J22: =IF($AB22="","",INDEX(Lib_Needle,$AB22)) | K22: =IF($AB22="","",INDEX(Lib_Bobbin,$AB22)) | L22: =IF($AB22="","",INDEX(Lib_Looper,$AB22)) | M22: =IF($AB22="","",INDEX(Lib_Cover,$AB22)) | O22: =IF($I22=0,0,IF($AF22="Y",$I22*$J22/IF(N($D22)<1,1,$D22),$I22*$J22)) -> 0 | Q22: =IF(AND($I22>0,$AF22="Y",IF(N($D22)<1,1,$D22)>=2),$I22*$J22/IF(N($D22)<1,1,$D22),0) -> 0 | S22: =IF(AND($I22>0,$AF22="Y",IF(N($D22)<1,1,$D22)>=3),$I22*$J22/IF(N($D22)<1,1,$D22),0) -> 0 | U22: =IF($I22=0,0,$I22*$K22) -> 0 | W22: =IF($I22=0,0,$I22*$L22) -> 0 | Y22: =IF($I22=0,0,$I22*$M22) -> 0 | Z22: =IF($N22="",$O22,0)+IF($P22="",$Q22,0)+IF($R22="",$S22,0)+IF($T22="",$U22,0)+IF($V22="",$W22,0)+IF($X22="",$Y22,0)+IF(AND($AF22="Y",IF(N($D22)<1,1,$D22)>3),$I22*$J22*(IF(N($D22)<1,1,$D22)-3)/IF(N($D22)<1,1,$D22),0) -> 0 | AA22: =IF(AND($C22="",N($F22)=0),"",IF($C22="","⚠ Select a stitch type",IF($AB22="","⚠ Stitch not in library",IF(N($F22)<=0,"⚠ Enter "&IF($G22="pcs","quantity","seam length (cm)"),IF(AND($G22="cm",N($E22)<=0),"⚠ Enter SPI",IF($H22=0,"⚠ No factor at SPI "&$E22&" – valid "&INDEX(Lib_MinSPI,$AB22)&"–"&INDEX(Lib_MaxSPI,$AB22),IF(AND($AF22="Y",IF(N($D22)<1,1,$D22)>3),"⚠ More than 3 rows – thread for extra rows not allocated",IF($Z22>0.00001,"⚠ Assign threads ("&TEXT($Z22,"0.00")&" m unassigned)","✔ OK")))))))) | AB22: =IF($C22="","",IFERROR(MATCH($C22,Lib_Names,0),"")) | AC22: =IF($AB22="","",IF(INDEX(Lib_Basis,$AB22)="Piece",1,N($E22))) | AD22: =IF($AC22="","",INT($AC22)) | AE22: =IF($AC22="","",$AC22-$AD22) | AF22: =IF($AB22="","",INDEX(Lib_Multi,$AB22)) | AG22: =IF($AB22="","",INDEX(Lib_Cat,$AB22)) | AH22: =IF(N($F22)<=0,0,$F22/100*IF(OR($AB22="",$AC22="",N($AC22)<1,N($AC22)>24),0,IF($AE22=0,INDEX(Engine_Grid,0+$AB22,$AD22),IF(OR($AD22>=24,INDEX(Engine_Grid,0+$AB22,$AD22)=0,INDEX(Engine_Grid,0+$AB22,$AD22+1)=0),0,INDEX(Engine_Grid,0+$AB22,$AD22)*(1-$AE22)+INDEX(Engine_Grid,0+$AB22,$AD22+1)*$AE22)))*IF(N($D22)<1,1,$D22)) -> 0 | AI22: =IF(N($F22)<=0,0,$F22/100*IF(OR($AB22="",$AC22="",N($AC22)<1,N($AC22)>24),0,IF($AE22=0,INDEX(Engine_Grid,75+$AB22,$AD22),IF(OR($AD22>=24,INDEX(Engine_Grid,75+$AB22,$AD22)=0,INDEX(Engine_Grid,75+$AB22,$AD22+1)=0),0,INDEX(Engine_Grid,75+$AB22,$AD22)*(1-$AE22)+INDEX(Engine_Grid,75+$AB22,$AD22+1)*$AE22)))*IF(N($D22)<1,1,$D22)) -> 0 | AJ22: =IF(N($F22)<=0,0,$F22/100*IF(OR($AB22="",$AC22="",N($AC22)<1,N($AC22)>24),0,IF($AE22=0,INDEX(Engine_Grid,150+$AB22,$AD22),IF(OR($AD22>=24,INDEX(Engine_Grid,150+$AB22,$AD22)=0,INDEX(Engine_Grid,150+$AB22,$AD22+1)=0),0,INDEX(Engine_Grid,150+$AB22,$AD22)*(1-$AE22)+INDEX(Engine_Grid,150+$AB22,$AD22+1)*$AE22)))*IF(N($D22)<1,1,$D22)) -> 0 | AK22: =IF(N($F22)<=0,0,$F22/100*IF(OR($AB22="",$AC22="",N($AC22)<1,N($AC22)>24),0,IF($AE22=0,INDEX(Engine_Grid,225+$AB22,$AD22),IF(OR($AD22>=24,INDEX(Engine_Grid,225+$AB22,$AD22)=0,INDEX(Engine_Grid,225+$AB22,$AD22+1)=0),0,INDEX(Engine_Grid,225+$AB22,$AD22)*(1-$AE22)+INDEX(Engine_Grid,225+$AB22,$AD22+1)*$AE22)))*IF(N($D22)<1,1,$D22)) -> 0
A23: 14 | G23: =IF($AB23="","",IF(INDEX(Lib_Basis,$AB23)="Piece","pcs","cm")) | H23: =IF(OR($AB23="",$AC23="",N($AC23)<1,N($AC23)>24),0,IF($AE23=0,INDEX(Engine_Grid,(WeightIdx-1)*75+$AB23,$AD23),IF(OR($AD23>=24,INDEX(Engine_Grid,(WeightIdx-1)*75+$AB23,$AD23)=0,INDEX(Engine_Grid,(WeightIdx-1)*75+$AB23,$AD23+1)=0),0,INDEX(Engine_Grid,(WeightIdx-1)*75+$AB23,$AD23)*(1-$AE23)+INDEX(Engine_Grid,(WeightIdx-1)*75+$AB23,$AD23+1)*$AE23))) -> 0 | I23: =IF(OR($H23=0,N($F23)<=0),0,$F23/100*$H23*IF(N($D23)<1,1,$D23)) -> 0 | J23: =IF($AB23="","",INDEX(Lib_Needle,$AB23)) | K23: =IF($AB23="","",INDEX(Lib_Bobbin,$AB23)) | L23: =IF($AB23="","",INDEX(Lib_Looper,$AB23)) | M23: =IF($AB23="","",INDEX(Lib_Cover,$AB23)) | O23: =IF($I23=0,0,IF($AF23="Y",$I23*$J23/IF(N($D23)<1,1,$D23),$I23*$J23)) -> 0 | Q23: =IF(AND($I23>0,$AF23="Y",IF(N($D23)<1,1,$D23)>=2),$I23*$J23/IF(N($D23)<1,1,$D23),0) -> 0 | S23: =IF(AND($I23>0,$AF23="Y",IF(N($D23)<1,1,$D23)>=3),$I23*$J23/IF(N($D23)<1,1,$D23),0) -> 0 | U23: =IF($I23=0,0,$I23*$K23) -> 0 | W23: =IF($I23=0,0,$I23*$L23) -> 0 | Y23: =IF($I23=0,0,$I23*$M23) -> 0 | Z23: =IF($N23="",$O23,0)+IF($P23="",$Q23,0)+IF($R23="",$S23,0)+IF($T23="",$U23,0)+IF($V23="",$W23,0)+IF($X23="",$Y23,0)+IF(AND($AF23="Y",IF(N($D23)<1,1,$D23)>3),$I23*$J23*(IF(N($D23)<1,1,$D23)-3)/IF(N($D23)<1,1,$D23),0) -> 0 | AA23: =IF(AND($C23="",N($F23)=0),"",IF($C23="","⚠ Select a stitch type",IF($AB23="","⚠ Stitch not in library",IF(N($F23)<=0,"⚠ Enter "&IF($G23="pcs","quantity","seam length (cm)"),IF(AND($G23="cm",N($E23)<=0),"⚠ Enter SPI",IF($H23=0,"⚠ No factor at SPI "&$E23&" – valid "&INDEX(Lib_MinSPI,$AB23)&"–"&INDEX(Lib_MaxSPI,$AB23),IF(AND($AF23="Y",IF(N($D23)<1,1,$D23)>3),"⚠ More than 3 rows – thread for extra rows not allocated",IF($Z23>0.00001,"⚠ Assign threads ("&TEXT($Z23,"0.00")&" m unassigned)","✔ OK")))))))) | AB23: =IF($C23="","",IFERROR(MATCH($C23,Lib_Names,0),"")) | AC23: =IF($AB23="","",IF(INDEX(Lib_Basis,$AB23)="Piece",1,N($E23))) | AD23: =IF($AC23="","",INT($AC23)) | AE23: =IF($AC23="","",$AC23-$AD23) | AF23: =IF($AB23="","",INDEX(Lib_Multi,$AB23)) | AG23: =IF($AB23="","",INDEX(Lib_Cat,$AB23)) | AH23: =IF(N($F23)<=0,0,$F23/100*IF(OR($AB23="",$AC23="",N($AC23)<1,N($AC23)>24),0,IF($AE23=0,INDEX(Engine_Grid,0+$AB23,$AD23),IF(OR($AD23>=24,INDEX(Engine_Grid,0+$AB23,$AD23)=0,INDEX(Engine_Grid,0+$AB23,$AD23+1)=0),0,INDEX(Engine_Grid,0+$AB23,$AD23)*(1-$AE23)+INDEX(Engine_Grid,0+$AB23,$AD23+1)*$AE23)))*IF(N($D23)<1,1,$D23)) -> 0 | AI23: =IF(N($F23)<=0,0,$F23/100*IF(OR($AB23="",$AC23="",N($AC23)<1,N($AC23)>24),0,IF($AE23=0,INDEX(Engine_Grid,75+$AB23,$AD23),IF(OR($AD23>=24,INDEX(Engine_Grid,75+$AB23,$AD23)=0,INDEX(Engine_Grid,75+$AB23,$AD23+1)=0),0,INDEX(Engine_Grid,75+$AB23,$AD23)*(1-$AE23)+INDEX(Engine_Grid,75+$AB23,$AD23+1)*$AE23)))*IF(N($D23)<1,1,$D23)) -> 0 | AJ23: =IF(N($F23)<=0,0,$F23/100*IF(OR($AB23="",$AC23="",N($AC23)<1,N($AC23)>24),0,IF($AE23=0,INDEX(Engine_Grid,150+$AB23,$AD23),IF(OR($AD23>=24,INDEX(Engine_Grid,150+$AB23,$AD23)=0,INDEX(Engine_Grid,150+$AB23,$AD23+1)=0),0,INDEX(Engine_Grid,150+$AB23,$AD23)*(1-$AE23)+INDEX(Engine_Grid,150+$AB23,$AD23+1)*$AE23)))*IF(N($D23)<1,1,$D23)) -> 0 | AK23: =IF(N($F23)<=0,0,$F23/100*IF(OR($AB23="",$AC23="",N($AC23)<1,N($AC23)>24),0,IF($AE23=0,INDEX(Engine_Grid,225+$AB23,$AD23),IF(OR($AD23>=24,INDEX(Engine_Grid,225+$AB23,$AD23)=0,INDEX(Engine_Grid,225+$AB23,$AD23+1)=0),0,INDEX(Engine_Grid,225+$AB23,$AD23)*(1-$AE23)+INDEX(Engine_Grid,225+$AB23,$AD23+1)*$AE23)))*IF(N($D23)<1,1,$D23)) -> 0
A24: 15 | G24: =IF($AB24="","",IF(INDEX(Lib_Basis,$AB24)="Piece","pcs","cm")) | H24: =IF(OR($AB24="",$AC24="",N($AC24)<1,N($AC24)>24),0,IF($AE24=0,INDEX(Engine_Grid,(WeightIdx-1)*75+$AB24,$AD24),IF(OR($AD24>=24,INDEX(Engine_Grid,(WeightIdx-1)*75+$AB24,$AD24)=0,INDEX(Engine_Grid,(WeightIdx-1)*75+$AB24,$AD24+1)=0),0,INDEX(Engine_Grid,(WeightIdx-1)*75+$AB24,$AD24)*(1-$AE24)+INDEX(Engine_Grid,(WeightIdx-1)*75+$AB24,$AD24+1)*$AE24))) -> 0 | I24: =IF(OR($H24=0,N($F24)<=0),0,$F24/100*$H24*IF(N($D24)<1,1,$D24)) -> 0 | J24: =IF($AB24="","",INDEX(Lib_Needle,$AB24)) | K24: =IF($AB24="","",INDEX(Lib_Bobbin,$AB24)) | L24: =IF($AB24="","",INDEX(Lib_Looper,$AB24)) | M24: =IF($AB24="","",INDEX(Lib_Cover,$AB24)) | O24: =IF($I24=0,0,IF($AF24="Y",$I24*$J24/IF(N($D24)<1,1,$D24),$I24*$J24)) -> 0 | Q24: =IF(AND($I24>0,$AF24="Y",IF(N($D24)<1,1,$D24)>=2),$I24*$J24/IF(N($D24)<1,1,$D24),0) -> 0 | S24: =IF(AND($I24>0,$AF24="Y",IF(N($D24)<1,1,$D24)>=3),$I24*$J24/IF(N($D24)<1,1,$D24),0) -> 0 | U24: =IF($I24=0,0,$I24*$K24) -> 0 | W24: =IF($I24=0,0,$I24*$L24) -> 0 | Y24: =IF($I24=0,0,$I24*$M24) -> 0 | Z24: =IF($N24="",$O24,0)+IF($P24="",$Q24,0)+IF($R24="",$S24,0)+IF($T24="",$U24,0)+IF($V24="",$W24,0)+IF($X24="",$Y24,0)+IF(AND($AF24="Y",IF(N($D24)<1,1,$D24)>3),$I24*$J24*(IF(N($D24)<1,1,$D24)-3)/IF(N($D24)<1,1,$D24),0) -> 0 | AA24: =IF(AND($C24="",N($F24)=0),"",IF($C24="","⚠ Select a stitch type",IF($AB24="","⚠ Stitch not in library",IF(N($F24)<=0,"⚠ Enter "&IF($G24="pcs","quantity","seam length (cm)"),IF(AND($G24="cm",N($E24)<=0),"⚠ Enter SPI",IF($H24=0,"⚠ No factor at SPI "&$E24&" – valid "&INDEX(Lib_MinSPI,$AB24)&"–"&INDEX(Lib_MaxSPI,$AB24),IF(AND($AF24="Y",IF(N($D24)<1,1,$D24)>3),"⚠ More than 3 rows – thread for extra rows not allocated",IF($Z24>0.00001,"⚠ Assign threads ("&TEXT($Z24,"0.00")&" m unassigned)","✔ OK")))))))) | AB24: =IF($C24="","",IFERROR(MATCH($C24,Lib_Names,0),"")) | AC24: =IF($AB24="","",IF(INDEX(Lib_Basis,$AB24)="Piece",1,N($E24))) | AD24: =IF($AC24="","",INT($AC24)) | AE24: =IF($AC24="","",$AC24-$AD24) | AF24: =IF($AB24="","",INDEX(Lib_Multi,$AB24)) | AG24: =IF($AB24="","",INDEX(Lib_Cat,$AB24)) | AH24: =IF(N($F24)<=0,0,$F24/100*IF(OR($AB24="",$AC24="",N($AC24)<1,N($AC24)>24),0,IF($AE24=0,INDEX(Engine_Grid,0+$AB24,$AD24),IF(OR($AD24>=24,INDEX(Engine_Grid,0+$AB24,$AD24)=0,INDEX(Engine_Grid,0+$AB24,$AD24+1)=0),0,INDEX(Engine_Grid,0+$AB24,$AD24)*(1-$AE24)+INDEX(Engine_Grid,0+$AB24,$AD24+1)*$AE24)))*IF(N($D24)<1,1,$D24)) -> 0 | AI24: =IF(N($F24)<=0,0,$F24/100*IF(OR($AB24="",$AC24="",N($AC24)<1,N($AC24)>24),0,IF($AE24=0,INDEX(Engine_Grid,75+$AB24,$AD24),IF(OR($AD24>=24,INDEX(Engine_Grid,75+$AB24,$AD24)=0,INDEX(Engine_Grid,75+$AB24,$AD24+1)=0),0,INDEX(Engine_Grid,75+$AB24,$AD24)*(1-$AE24)+INDEX(Engine_Grid,75+$AB24,$AD24+1)*$AE24)))*IF(N($D24)<1,1,$D24)) -> 0 | AJ24: =IF(N($F24)<=0,0,$F24/100*IF(OR($AB24="",$AC24="",N($AC24)<1,N($AC24)>24),0,IF($AE24=0,INDEX(Engine_Grid,150+$AB24,$AD24),IF(OR($AD24>=24,INDEX(Engine_Grid,150+$AB24,$AD24)=0,INDEX(Engine_Grid,150+$AB24,$AD24+1)=0),0,INDEX(Engine_Grid,150+$AB24,$AD24)*(1-$AE24)+INDEX(Engine_Grid,150+$AB24,$AD24+1)*$AE24)))*IF(N($D24)<1,1,$D24)) -> 0 | AK24: =IF(N($F24)<=0,0,$F24/100*IF(OR($AB24="",$AC24="",N($AC24)<1,N($AC24)>24),0,IF($AE24=0,INDEX(Engine_Grid,225+$AB24,$AD24),IF(OR($AD24>=24,INDEX(Engine_Grid,225+$AB24,$AD24)=0,INDEX(Engine_Grid,225+$AB24,$AD24+1)=0),0,INDEX(Engine_Grid,225+$AB24,$AD24)*(1-$AE24)+INDEX(Engine_Grid,225+$AB24,$AD24+1)*$AE24)))*IF(N($D24)<1,1,$D24)) -> 0
A25: 16 | G25: =IF($AB25="","",IF(INDEX(Lib_Basis,$AB25)="Piece","pcs","cm")) | H25: =IF(OR($AB25="",$AC25="",N($AC25)<1,N($AC25)>24),0,IF($AE25=0,INDEX(Engine_Grid,(WeightIdx-1)*75+$AB25,$AD25),IF(OR($AD25>=24,INDEX(Engine_Grid,(WeightIdx-1)*75+$AB25,$AD25)=0,INDEX(Engine_Grid,(WeightIdx-1)*75+$AB25,$AD25+1)=0),0,INDEX(Engine_Grid,(WeightIdx-1)*75+$AB25,$AD25)*(1-$AE25)+INDEX(Engine_Grid,(WeightIdx-1)*75+$AB25,$AD25+1)*$AE25))) -> 0 | I25: =IF(OR($H25=0,N($F25)<=0),0,$F25/100*$H25*IF(N($D25)<1,1,$D25)) -> 0 | J25: =IF($AB25="","",INDEX(Lib_Needle,$AB25)) | K25: =IF($AB25="","",INDEX(Lib_Bobbin,$AB25)) | L25: =IF($AB25="","",INDEX(Lib_Looper,$AB25)) | M25: =IF($AB25="","",INDEX(Lib_Cover,$AB25)) | O25: =IF($I25=0,0,IF($AF25="Y",$I25*$J25/IF(N($D25)<1,1,$D25),$I25*$J25)) -> 0 | Q25: =IF(AND($I25>0,$AF25="Y",IF(N($D25)<1,1,$D25)>=2),$I25*$J25/IF(N($D25)<1,1,$D25),0) -> 0 | S25: =IF(AND($I25>0,$AF25="Y",IF(N($D25)<1,1,$D25)>=3),$I25*$J25/IF(N($D25)<1,1,$D25),0) -> 0 | U25: =IF($I25=0,0,$I25*$K25) -> 0 | W25: =IF($I25=0,0,$I25*$L25) -> 0 | Y25: =IF($I25=0,0,$I25*$M25) -> 0 | Z25: =IF($N25="",$O25,0)+IF($P25="",$Q25,0)+IF($R25="",$S25,0)+IF($T25="",$U25,0)+IF($V25="",$W25,0)+IF($X25="",$Y25,0)+IF(AND($AF25="Y",IF(N($D25)<1,1,$D25)>3),$I25*$J25*(IF(N($D25)<1,1,$D25)-3)/IF(N($D25)<1,1,$D25),0) -> 0 | AA25: =IF(AND($C25="",N($F25)=0),"",IF($C25="","⚠ Select a stitch type",IF($AB25="","⚠ Stitch not in library",IF(N($F25)<=0,"⚠ Enter "&IF($G25="pcs","quantity","seam length (cm)"),IF(AND($G25="cm",N($E25)<=0),"⚠ Enter SPI",IF($H25=0,"⚠ No factor at SPI "&$E25&" – valid "&INDEX(Lib_MinSPI,$AB25)&"–"&INDEX(Lib_MaxSPI,$AB25),IF(AND($AF25="Y",IF(N($D25)<1,1,$D25)>3),"⚠ More than 3 rows – thread for extra rows not allocated",IF($Z25>0.00001,"⚠ Assign threads ("&TEXT($Z25,"0.00")&" m unassigned)","✔ OK")))))))) | AB25: =IF($C25="","",IFERROR(MATCH($C25,Lib_Names,0),"")) | AC25: =IF($AB25="","",IF(INDEX(Lib_Basis,$AB25)="Piece",1,N($E25))) | AD25: =IF($AC25="","",INT($AC25)) | AE25: =IF($AC25="","",$AC25-$AD25) | AF25: =IF($AB25="","",INDEX(Lib_Multi,$AB25)) | AG25: =IF($AB25="","",INDEX(Lib_Cat,$AB25)) | AH25: =IF(N($F25)<=0,0,$F25/100*IF(OR($AB25="",$AC25="",N($AC25)<1,N($AC25)>24),0,IF($AE25=0,INDEX(Engine_Grid,0+$AB25,$AD25),IF(OR($AD25>=24,INDEX(Engine_Grid,0+$AB25,$AD25)=0,INDEX(Engine_Grid,0+$AB25,$AD25+1)=0),0,INDEX(Engine_Grid,0+$AB25,$AD25)*(1-$AE25)+INDEX(Engine_Grid,0+$AB25,$AD25+1)*$AE25)))*IF(N($D25)<1,1,$D25)) -> 0 | AI25: =IF(N($F25)<=0,0,$F25/100*IF(OR($AB25="",$AC25="",N($AC25)<1,N($AC25)>24),0,IF($AE25=0,INDEX(Engine_Grid,75+$AB25,$AD25),IF(OR($AD25>=24,INDEX(Engine_Grid,75+$AB25,$AD25)=0,INDEX(Engine_Grid,75+$AB25,$AD25+1)=0),0,INDEX(Engine_Grid,75+$AB25,$AD25)*(1-$AE25)+INDEX(Engine_Grid,75+$AB25,$AD25+1)*$AE25)))*IF(N($D25)<1,1,$D25)) -> 0 | AJ25: =IF(N($F25)<=0,0,$F25/100*IF(OR($AB25="",$AC25="",N($AC25)<1,N($AC25)>24),0,IF($AE25=0,INDEX(Engine_Grid,150+$AB25,$AD25),IF(OR($AD25>=24,INDEX(Engine_Grid,150+$AB25,$AD25)=0,INDEX(Engine_Grid,150+$AB25,$AD25+1)=0),0,INDEX(Engine_Grid,150+$AB25,$AD25)*(1-$AE25)+INDEX(Engine_Grid,150+$AB25,$AD25+1)*$AE25)))*IF(N($D25)<1,1,$D25)) -> 0 | AK25: =IF(N($F25)<=0,0,$F25/100*IF(OR($AB25="",$AC25="",N($AC25)<1,N($AC25)>24),0,IF($AE25=0,INDEX(Engine_Grid,225+$AB25,$AD25),IF(OR($AD25>=24,INDEX(Engine_Grid,225+$AB25,$AD25)=0,INDEX(Engine_Grid,225+$AB25,$AD25+1)=0),0,INDEX(Engine_Grid,225+$AB25,$AD25)*(1-$AE25)+INDEX(Engine_Grid,225+$AB25,$AD25+1)*$AE25)))*IF(N($D25)<1,1,$D25)) -> 0
A26: 17 | G26: =IF($AB26="","",IF(INDEX(Lib_Basis,$AB26)="Piece","pcs","cm")) | H26: =IF(OR($AB26="",$AC26="",N($AC26)<1,N($AC26)>24),0,IF($AE26=0,INDEX(Engine_Grid,(WeightIdx-1)*75+$AB26,$AD26),IF(OR($AD26>=24,INDEX(Engine_Grid,(WeightIdx-1)*75+$AB26,$AD26)=0,INDEX(Engine_Grid,(WeightIdx-1)*75+$AB26,$AD26+1)=0),0,INDEX(Engine_Grid,(WeightIdx-1)*75+$AB26,$AD26)*(1-$AE26)+INDEX(Engine_Grid,(WeightIdx-1)*75+$AB26,$AD26+1)*$AE26))) -> 0 | I26: =IF(OR($H26=0,N($F26)<=0),0,$F26/100*$H26*IF(N($D26)<1,1,$D26)) -> 0 | J26: =IF($AB26="","",INDEX(Lib_Needle,$AB26)) | K26: =IF($AB26="","",INDEX(Lib_Bobbin,$AB26)) | L26: =IF($AB26="","",INDEX(Lib_Looper,$AB26)) | M26: =IF($AB26="","",INDEX(Lib_Cover,$AB26)) | O26: =IF($I26=0,0,IF($AF26="Y",$I26*$J26/IF(N($D26)<1,1,$D26),$I26*$J26)) -> 0 | Q26: =IF(AND($I26>0,$AF26="Y",IF(N($D26)<1,1,$D26)>=2),$I26*$J26/IF(N($D26)<1,1,$D26),0) -> 0 | S26: =IF(AND($I26>0,$AF26="Y",IF(N($D26)<1,1,$D26)>=3),$I26*$J26/IF(N($D26)<1,1,$D26),0) -> 0 | U26: =IF($I26=0,0,$I26*$K26) -> 0 | W26: =IF($I26=0,0,$I26*$L26) -> 0 | Y26: =IF($I26=0,0,$I26*$M26) -> 0 | Z26: =IF($N26="",$O26,0)+IF($P26="",$Q26,0)+IF($R26="",$S26,0)+IF($T26="",$U26,0)+IF($V26="",$W26,0)+IF($X26="",$Y26,0)+IF(AND($AF26="Y",IF(N($D26)<1,1,$D26)>3),$I26*$J26*(IF(N($D26)<1,1,$D26)-3)/IF(N($D26)<1,1,$D26),0) -> 0 | AA26: =IF(AND($C26="",N($F26)=0),"",IF($C26="","⚠ Select a stitch type",IF($AB26="","⚠ Stitch not in library",IF(N($F26)<=0,"⚠ Enter "&IF($G26="pcs","quantity","seam length (cm)"),IF(AND($G26="cm",N($E26)<=0),"⚠ Enter SPI",IF($H26=0,"⚠ No factor at SPI "&$E26&" – valid "&INDEX(Lib_MinSPI,$AB26)&"–"&INDEX(Lib_MaxSPI,$AB26),IF(AND($AF26="Y",IF(N($D26)<1,1,$D26)>3),"⚠ More than 3 rows – thread for extra rows not allocated",IF($Z26>0.00001,"⚠ Assign threads ("&TEXT($Z26,"0.00")&" m unassigned)","✔ OK")))))))) | AB26: =IF($C26="","",IFERROR(MATCH($C26,Lib_Names,0),"")) | AC26: =IF($AB26="","",IF(INDEX(Lib_Basis,$AB26)="Piece",1,N($E26))) | AD26: =IF($AC26="","",INT($AC26)) | AE26: =IF($AC26="","",$AC26-$AD26) | AF26: =IF($AB26="","",INDEX(Lib_Multi,$AB26)) | AG26: =IF($AB26="","",INDEX(Lib_Cat,$AB26)) | AH26: =IF(N($F26)<=0,0,$F26/100*IF(OR($AB26="",$AC26="",N($AC26)<1,N($AC26)>24),0,IF($AE26=0,INDEX(Engine_Grid,0+$AB26,$AD26),IF(OR($AD26>=24,INDEX(Engine_Grid,0+$AB26,$AD26)=0,INDEX(Engine_Grid,0+$AB26,$AD26+1)=0),0,INDEX(Engine_Grid,0+$AB26,$AD26)*(1-$AE26)+INDEX(Engine_Grid,0+$AB26,$AD26+1)*$AE26)))*IF(N($D26)<1,1,$D26)) -> 0 | AI26: =IF(N($F26)<=0,0,$F26/100*IF(OR($AB26="",$AC26="",N($AC26)<1,N($AC26)>24),0,IF($AE26=0,INDEX(Engine_Grid,75+$AB26,$AD26),IF(OR($AD26>=24,INDEX(Engine_Grid,75+$AB26,$AD26)=0,INDEX(Engine_Grid,75+$AB26,$AD26+1)=0),0,INDEX(Engine_Grid,75+$AB26,$AD26)*(1-$AE26)+INDEX(Engine_Grid,75+$AB26,$AD26+1)*$AE26)))*IF(N($D26)<1,1,$D26)) -> 0 | AJ26: =IF(N($F26)<=0,0,$F26/100*IF(OR($AB26="",$AC26="",N($AC26)<1,N($AC26)>24),0,IF($AE26=0,INDEX(Engine_Grid,150+$AB26,$AD26),IF(OR($AD26>=24,INDEX(Engine_Grid,150+$AB26,$AD26)=0,INDEX(Engine_Grid,150+$AB26,$AD26+1)=0),0,INDEX(Engine_Grid,150+$AB26,$AD26)*(1-$AE26)+INDEX(Engine_Grid,150+$AB26,$AD26+1)*$AE26)))*IF(N($D26)<1,1,$D26)) -> 0 | AK26: =IF(N($F26)<=0,0,$F26/100*IF(OR($AB26="",$AC26="",N($AC26)<1,N($AC26)>24),0,IF($AE26=0,INDEX(Engine_Grid,225+$AB26,$AD26),IF(OR($AD26>=24,INDEX(Engine_Grid,225+$AB26,$AD26)=0,INDEX(Engine_Grid,225+$AB26,$AD26+1)=0),0,INDEX(Engine_Grid,225+$AB26,$AD26)*(1-$AE26)+INDEX(Engine_Grid,225+$AB26,$AD26+1)*$AE26)))*IF(N($D26)<1,1,$D26)) -> 0
A27: 18 | G27: =IF($AB27="","",IF(INDEX(Lib_Basis,$AB27)="Piece","pcs","cm")) | H27: =IF(OR($AB27="",$AC27="",N($AC27)<1,N($AC27)>24),0,IF($AE27=0,INDEX(Engine_Grid,(WeightIdx-1)*75+$AB27,$AD27),IF(OR($AD27>=24,INDEX(Engine_Grid,(WeightIdx-1)*75+$AB27,$AD27)=0,INDEX(Engine_Grid,(WeightIdx-1)*75+$AB27,$AD27+1)=0),0,INDEX(Engine_Grid,(WeightIdx-1)*75+$AB27,$AD27)*(1-$AE27)+INDEX(Engine_Grid,(WeightIdx-1)*75+$AB27,$AD27+1)*$AE27))) -> 0 | I27: =IF(OR($H27=0,N($F27)<=0),0,$F27/100*$H27*IF(N($D27)<1,1,$D27)) -> 0 | J27: =IF($AB27="","",INDEX(Lib_Needle,$AB27)) | K27: =IF($AB27="","",INDEX(Lib_Bobbin,$AB27)) | L27: =IF($AB27="","",INDEX(Lib_Looper,$AB27)) | M27: =IF($AB27="","",INDEX(Lib_Cover,$AB27)) | O27: =IF($I27=0,0,IF($AF27="Y",$I27*$J27/IF(N($D27)<1,1,$D27),$I27*$J27)) -> 0 | Q27: =IF(AND($I27>0,$AF27="Y",IF(N($D27)<1,1,$D27)>=2),$I27*$J27/IF(N($D27)<1,1,$D27),0) -> 0 | S27: =IF(AND($I27>0,$AF27="Y",IF(N($D27)<1,1,$D27)>=3),$I27*$J27/IF(N($D27)<1,1,$D27),0) -> 0 | U27: =IF($I27=0,0,$I27*$K27) -> 0 | W27: =IF($I27=0,0,$I27*$L27) -> 0 | Y27: =IF($I27=0,0,$I27*$M27) -> 0 | Z27: =IF($N27="",$O27,0)+IF($P27="",$Q27,0)+IF($R27="",$S27,0)+IF($T27="",$U27,0)+IF($V27="",$W27,0)+IF($X27="",$Y27,0)+IF(AND($AF27="Y",IF(N($D27)<1,1,$D27)>3),$I27*$J27*(IF(N($D27)<1,1,$D27)-3)/IF(N($D27)<1,1,$D27),0) -> 0 | AA27: =IF(AND($C27="",N($F27)=0),"",IF($C27="","⚠ Select a stitch type",IF($AB27="","⚠ Stitch not in library",IF(N($F27)<=0,"⚠ Enter "&IF($G27="pcs","quantity","seam length (cm)"),IF(AND($G27="cm",N($E27)<=0),"⚠ Enter SPI",IF($H27=0,"⚠ No factor at SPI "&$E27&" – valid "&INDEX(Lib_MinSPI,$AB27)&"–"&INDEX(Lib_MaxSPI,$AB27),IF(AND($AF27="Y",IF(N($D27)<1,1,$D27)>3),"⚠ More than 3 rows – thread for extra rows not allocated",IF($Z27>0.00001,"⚠ Assign threads ("&TEXT($Z27,"0.00")&" m unassigned)","✔ OK")))))))) | AB27: =IF($C27="","",IFERROR(MATCH($C27,Lib_Names,0),"")) | AC27: =IF($AB27="","",IF(INDEX(Lib_Basis,$AB27)="Piece",1,N($E27))) | AD27: =IF($AC27="","",INT($AC27)) | AE27: =IF($AC27="","",$AC27-$AD27) | AF27: =IF($AB27="","",INDEX(Lib_Multi,$AB27)) | AG27: =IF($AB27="","",INDEX(Lib_Cat,$AB27)) | AH27: =IF(N($F27)<=0,0,$F27/100*IF(OR($AB27="",$AC27="",N($AC27)<1,N($AC27)>24),0,IF($AE27=0,INDEX(Engine_Grid,0+$AB27,$AD27),IF(OR($AD27>=24,INDEX(Engine_Grid,0+$AB27,$AD27)=0,INDEX(Engine_Grid,0+$AB27,$AD27+1)=0),0,INDEX(Engine_Grid,0+$AB27,$AD27)*(1-$AE27)+INDEX(Engine_Grid,0+$AB27,$AD27+1)*$AE27)))*IF(N($D27)<1,1,$D27)) -> 0 | AI27: =IF(N($F27)<=0,0,$F27/100*IF(OR($AB27="",$AC27="",N($AC27)<1,N($AC27)>24),0,IF($AE27=0,INDEX(Engine_Grid,75+$AB27,$AD27),IF(OR($AD27>=24,INDEX(Engine_Grid,75+$AB27,$AD27)=0,INDEX(Engine_Grid,75+$AB27,$AD27+1)=0),0,INDEX(Engine_Grid,75+$AB27,$AD27)*(1-$AE27)+INDEX(Engine_Grid,75+$AB27,$AD27+1)*$AE27)))*IF(N($D27)<1,1,$D27)) -> 0 | AJ27: =IF(N($F27)<=0,0,$F27/100*IF(OR($AB27="",$AC27="",N($AC27)<1,N($AC27)>24),0,IF($AE27=0,INDEX(Engine_Grid,150+$AB27,$AD27),IF(OR($AD27>=24,INDEX(Engine_Grid,150+$AB27,$AD27)=0,INDEX(Engine_Grid,150+$AB27,$AD27+1)=0),0,INDEX(Engine_Grid,150+$AB27,$AD27)*(1-$AE27)+INDEX(Engine_Grid,150+$AB27,$AD27+1)*$AE27)))*IF(N($D27)<1,1,$D27)) -> 0 | AK27: =IF(N($F27)<=0,0,$F27/100*IF(OR($AB27="",$AC27="",N($AC27)<1,N($AC27)>24),0,IF($AE27=0,INDEX(Engine_Grid,225+$AB27,$AD27),IF(OR($AD27>=24,INDEX(Engine_Grid,225+$AB27,$AD27)=0,INDEX(Engine_Grid,225+$AB27,$AD27+1)=0),0,INDEX(Engine_Grid,225+$AB27,$AD27)*(1-$AE27)+INDEX(Engine_Grid,225+$AB27,$AD27+1)*$AE27)))*IF(N($D27)<1,1,$D27)) -> 0
A28: 19 | G28: =IF($AB28="","",IF(INDEX(Lib_Basis,$AB28)="Piece","pcs","cm")) | H28: =IF(OR($AB28="",$AC28="",N($AC28)<1,N($AC28)>24),0,IF($AE28=0,INDEX(Engine_Grid,(WeightIdx-1)*75+$AB28,$AD28),IF(OR($AD28>=24,INDEX(Engine_Grid,(WeightIdx-1)*75+$AB28,$AD28)=0,INDEX(Engine_Grid,(WeightIdx-1)*75+$AB28,$AD28+1)=0),0,INDEX(Engine_Grid,(WeightIdx-1)*75+$AB28,$AD28)*(1-$AE28)+INDEX(Engine_Grid,(WeightIdx-1)*75+$AB28,$AD28+1)*$AE28))) -> 0 | I28: =IF(OR($H28=0,N($F28)<=0),0,$F28/100*$H28*IF(N($D28)<1,1,$D28)) -> 0 | J28: =IF($AB28="","",INDEX(Lib_Needle,$AB28)) | K28: =IF($AB28="","",INDEX(Lib_Bobbin,$AB28)) | L28: =IF($AB28="","",INDEX(Lib_Looper,$AB28)) | M28: =IF($AB28="","",INDEX(Lib_Cover,$AB28)) | O28: =IF($I28=0,0,IF($AF28="Y",$I28*$J28/IF(N($D28)<1,1,$D28),$I28*$J28)) -> 0 | Q28: =IF(AND($I28>0,$AF28="Y",IF(N($D28)<1,1,$D28)>=2),$I28*$J28/IF(N($D28)<1,1,$D28),0) -> 0 | S28: =IF(AND($I28>0,$AF28="Y",IF(N($D28)<1,1,$D28)>=3),$I28*$J28/IF(N($D28)<1,1,$D28),0) -> 0 | U28: =IF($I28=0,0,$I28*$K28) -> 0 | W28: =IF($I28=0,0,$I28*$L28) -> 0 | Y28: =IF($I28=0,0,$I28*$M28) -> 0 | Z28: =IF($N28="",$O28,0)+IF($P28="",$Q28,0)+IF($R28="",$S28,0)+IF($T28="",$U28,0)+IF($V28="",$W28,0)+IF($X28="",$Y28,0)+IF(AND($AF28="Y",IF(N($D28)<1,1,$D28)>3),$I28*$J28*(IF(N($D28)<1,1,$D28)-3)/IF(N($D28)<1,1,$D28),0) -> 0 | AA28: =IF(AND($C28="",N($F28)=0),"",IF($C28="","⚠ Select a stitch type",IF($AB28="","⚠ Stitch not in library",IF(N($F28)<=0,"⚠ Enter "&IF($G28="pcs","quantity","seam length (cm)"),IF(AND($G28="cm",N($E28)<=0),"⚠ Enter SPI",IF($H28=0,"⚠ No factor at SPI "&$E28&" – valid "&INDEX(Lib_MinSPI,$AB28)&"–"&INDEX(Lib_MaxSPI,$AB28),IF(AND($AF28="Y",IF(N($D28)<1,1,$D28)>3),"⚠ More than 3 rows – thread for extra rows not allocated",IF($Z28>0.00001,"⚠ Assign threads ("&TEXT($Z28,"0.00")&" m unassigned)","✔ OK")))))))) | AB28: =IF($C28="","",IFERROR(MATCH($C28,Lib_Names,0),"")) | AC28: =IF($AB28="","",IF(INDEX(Lib_Basis,$AB28)="Piece",1,N($E28))) | AD28: =IF($AC28="","",INT($AC28)) | AE28: =IF($AC28="","",$AC28-$AD28) | AF28: =IF($AB28="","",INDEX(Lib_Multi,$AB28)) | AG28: =IF($AB28="","",INDEX(Lib_Cat,$AB28)) | AH28: =IF(N($F28)<=0,0,$F28/100*IF(OR($AB28="",$AC28="",N($AC28)<1,N($AC28)>24),0,IF($AE28=0,INDEX(Engine_Grid,0+$AB28,$AD28),IF(OR($AD28>=24,INDEX(Engine_Grid,0+$AB28,$AD28)=0,INDEX(Engine_Grid,0+$AB28,$AD28+1)=0),0,INDEX(Engine_Grid,0+$AB28,$AD28)*(1-$AE28)+INDEX(Engine_Grid,0+$AB28,$AD28+1)*$AE28)))*IF(N($D28)<1,1,$D28)) -> 0 | AI28: =IF(N($F28)<=0,0,$F28/100*IF(OR($AB28="",$AC28="",N($AC28)<1,N($AC28)>24),0,IF($AE28=0,INDEX(Engine_Grid,75+$AB28,$AD28),IF(OR($AD28>=24,INDEX(Engine_Grid,75+$AB28,$AD28)=0,INDEX(Engine_Grid,75+$AB28,$AD28+1)=0),0,INDEX(Engine_Grid,75+$AB28,$AD28)*(1-$AE28)+INDEX(Engine_Grid,75+$AB28,$AD28+1)*$AE28)))*IF(N($D28)<1,1,$D28)) -> 0 | AJ28: =IF(N($F28)<=0,0,$F28/100*IF(OR($AB28="",$AC28="",N($AC28)<1,N($AC28)>24),0,IF($AE28=0,INDEX(Engine_Grid,150+$AB28,$AD28),IF(OR($AD28>=24,INDEX(Engine_Grid,150+$AB28,$AD28)=0,INDEX(Engine_Grid,150+$AB28,$AD28+1)=0),0,INDEX(Engine_Grid,150+$AB28,$AD28)*(1-$AE28)+INDEX(Engine_Grid,150+$AB28,$AD28+1)*$AE28)))*IF(N($D28)<1,1,$D28)) -> 0 | AK28: =IF(N($F28)<=0,0,$F28/100*IF(OR($AB28="",$AC28="",N($AC28)<1,N($AC28)>24),0,IF($AE28=0,INDEX(Engine_Grid,225+$AB28,$AD28),IF(OR($AD28>=24,INDEX(Engine_Grid,225+$AB28,$AD28)=0,INDEX(Engine_Grid,225+$AB28,$AD28+1)=0),0,INDEX(Engine_Grid,225+$AB28,$AD28)*(1-$AE28)+INDEX(Engine_Grid,225+$AB28,$AD28+1)*$AE28)))*IF(N($D28)<1,1,$D28)) -> 0
A29: 20 | G29: =IF($AB29="","",IF(INDEX(Lib_Basis,$AB29)="Piece","pcs","cm")) | H29: =IF(OR($AB29="",$AC29="",N($AC29)<1,N($AC29)>24),0,IF($AE29=0,INDEX(Engine_Grid,(WeightIdx-1)*75+$AB29,$AD29),IF(OR($AD29>=24,INDEX(Engine_Grid,(WeightIdx-1)*75+$AB29,$AD29)=0,INDEX(Engine_Grid,(WeightIdx-1)*75+$AB29,$AD29+1)=0),0,INDEX(Engine_Grid,(WeightIdx-1)*75+$AB29,$AD29)*(1-$AE29)+INDEX(Engine_Grid,(WeightIdx-1)*75+$AB29,$AD29+1)*$AE29))) -> 0 | I29: =IF(OR($H29=0,N($F29)<=0),0,$F29/100*$H29*IF(N($D29)<1,1,$D29)) -> 0 | J29: =IF($AB29="","",INDEX(Lib_Needle,$AB29)) | K29: =IF($AB29="","",INDEX(Lib_Bobbin,$AB29)) | L29: =IF($AB29="","",INDEX(Lib_Looper,$AB29)) | M29: =IF($AB29="","",INDEX(Lib_Cover,$AB29)) | O29: =IF($I29=0,0,IF($AF29="Y",$I29*$J29/IF(N($D29)<1,1,$D29),$I29*$J29)) -> 0 | Q29: =IF(AND($I29>0,$AF29="Y",IF(N($D29)<1,1,$D29)>=2),$I29*$J29/IF(N($D29)<1,1,$D29),0) -> 0 | S29: =IF(AND($I29>0,$AF29="Y",IF(N($D29)<1,1,$D29)>=3),$I29*$J29/IF(N($D29)<1,1,$D29),0) -> 0 | U29: =IF($I29=0,0,$I29*$K29) -> 0 | W29: =IF($I29=0,0,$I29*$L29) -> 0 | Y29: =IF($I29=0,0,$I29*$M29) -> 0 | Z29: =IF($N29="",$O29,0)+IF($P29="",$Q29,0)+IF($R29="",$S29,0)+IF($T29="",$U29,0)+IF($V29="",$W29,0)+IF($X29="",$Y29,0)+IF(AND($AF29="Y",IF(N($D29)<1,1,$D29)>3),$I29*$J29*(IF(N($D29)<1,1,$D29)-3)/IF(N($D29)<1,1,$D29),0) -> 0 | AA29: =IF(AND($C29="",N($F29)=0),"",IF($C29="","⚠ Select a stitch type",IF($AB29="","⚠ Stitch not in library",IF(N($F29)<=0,"⚠ Enter "&IF($G29="pcs","quantity","seam length (cm)"),IF(AND($G29="cm",N($E29)<=0),"⚠ Enter SPI",IF($H29=0,"⚠ No factor at SPI "&$E29&" – valid "&INDEX(Lib_MinSPI,$AB29)&"–"&INDEX(Lib_MaxSPI,$AB29),IF(AND($AF29="Y",IF(N($D29)<1,1,$D29)>3),"⚠ More than 3 rows – thread for extra rows not allocated",IF($Z29>0.00001,"⚠ Assign threads ("&TEXT($Z29,"0.00")&" m unassigned)","✔ OK")))))))) | AB29: =IF($C29="","",IFERROR(MATCH($C29,Lib_Names,0),"")) | AC29: =IF($AB29="","",IF(INDEX(Lib_Basis,$AB29)="Piece",1,N($E29))) | AD29: =IF($AC29="","",INT($AC29)) | AE29: =IF($AC29="","",$AC29-$AD29) | AF29: =IF($AB29="","",INDEX(Lib_Multi,$AB29)) | AG29: =IF($AB29="","",INDEX(Lib_Cat,$AB29)) | AH29: =IF(N($F29)<=0,0,$F29/100*IF(OR($AB29="",$AC29="",N($AC29)<1,N($AC29)>24),0,IF($AE29=0,INDEX(Engine_Grid,0+$AB29,$AD29),IF(OR($AD29>=24,INDEX(Engine_Grid,0+$AB29,$AD29)=0,INDEX(Engine_Grid,0+$AB29,$AD29+1)=0),0,INDEX(Engine_Grid,0+$AB29,$AD29)*(1-$AE29)+INDEX(Engine_Grid,0+$AB29,$AD29+1)*$AE29)))*IF(N($D29)<1,1,$D29)) -> 0 | AI29: =IF(N($F29)<=0,0,$F29/100*IF(OR($AB29="",$AC29="",N($AC29)<1,N($AC29)>24),0,IF($AE29=0,INDEX(Engine_Grid,75+$AB29,$AD29),IF(OR($AD29>=24,INDEX(Engine_Grid,75+$AB29,$AD29)=0,INDEX(Engine_Grid,75+$AB29,$AD29+1)=0),0,INDEX(Engine_Grid,75+$AB29,$AD29)*(1-$AE29)+INDEX(Engine_Grid,75+$AB29,$AD29+1)*$AE29)))*IF(N($D29)<1,1,$D29)) -> 0 | AJ29: =IF(N($F29)<=0,0,$F29/100*IF(OR($AB29="",$AC29="",N($AC29)<1,N($AC29)>24),0,IF($AE29=0,INDEX(Engine_Grid,150+$AB29,$AD29),IF(OR($AD29>=24,INDEX(Engine_Grid,150+$AB29,$AD29)=0,INDEX(Engine_Grid,150+$AB29,$AD29+1)=0),0,INDEX(Engine_Grid,150+$AB29,$AD29)*(1-$AE29)+INDEX(Engine_Grid,150+$AB29,$AD29+1)*$AE29)))*IF(N($D29)<1,1,$D29)) -> 0 | AK29: =IF(N($F29)<=0,0,$F29/100*IF(OR($AB29="",$AC29="",N($AC29)<1,N($AC29)>24),0,IF($AE29=0,INDEX(Engine_Grid,225+$AB29,$AD29),IF(OR($AD29>=24,INDEX(Engine_Grid,225+$AB29,$AD29)=0,INDEX(Engine_Grid,225+$AB29,$AD29+1)=0),0,INDEX(Engine_Grid,225+$AB29,$AD29)*(1-$AE29)+INDEX(Engine_Grid,225+$AB29,$AD29+1)*$AE29)))*IF(N($D29)<1,1,$D29)) -> 0
A30: 21 | G30: =IF($AB30="","",IF(INDEX(Lib_Basis,$AB30)="Piece","pcs","cm")) | H30: =IF(OR($AB30="",$AC30="",N($AC30)<1,N($AC30)>24),0,IF($AE30=0,INDEX(Engine_Grid,(WeightIdx-1)*75+$AB30,$AD30),IF(OR($AD30>=24,INDEX(Engine_Grid,(WeightIdx-1)*75+$AB30,$AD30)=0,INDEX(Engine_Grid,(WeightIdx-1)*75+$AB30,$AD30+1)=0),0,INDEX(Engine_Grid,(WeightIdx-1)*75+$AB30,$AD30)*(1-$AE30)+INDEX(Engine_Grid,(WeightIdx-1)*75+$AB30,$AD30+1)*$AE30))) -> 0 | I30: =IF(OR($H30=0,N($F30)<=0),0,$F30/100*$H30*IF(N($D30)<1,1,$D30)) -> 0 | J30: =IF($AB30="","",INDEX(Lib_Needle,$AB30)) | K30: =IF($AB30="","",INDEX(Lib_Bobbin,$AB30)) | L30: =IF($AB30="","",INDEX(Lib_Looper,$AB30)) | M30: =IF($AB30="","",INDEX(Lib_Cover,$AB30)) | O30: =IF($I30=0,0,IF($AF30="Y",$I30*$J30/IF(N($D30)<1,1,$D30),$I30*$J30)) -> 0 | Q30: =IF(AND($I30>0,$AF30="Y",IF(N($D30)<1,1,$D30)>=2),$I30*$J30/IF(N($D30)<1,1,$D30),0) -> 0 | S30: =IF(AND($I30>0,$AF30="Y",IF(N($D30)<1,1,$D30)>=3),$I30*$J30/IF(N($D30)<1,1,$D30),0) -> 0 | U30: =IF($I30=0,0,$I30*$K30) -> 0 | W30: =IF($I30=0,0,$I30*$L30) -> 0 | Y30: =IF($I30=0,0,$I30*$M30) -> 0 | Z30: =IF($N30="",$O30,0)+IF($P30="",$Q30,0)+IF($R30="",$S30,0)+IF($T30="",$U30,0)+IF($V30="",$W30,0)+IF($X30="",$Y30,0)+IF(AND($AF30="Y",IF(N($D30)<1,1,$D30)>3),$I30*$J30*(IF(N($D30)<1,1,$D30)-3)/IF(N($D30)<1,1,$D30),0) -> 0 | AA30: =IF(AND($C30="",N($F30)=0),"",IF($C30="","⚠ Select a stitch type",IF($AB30="","⚠ Stitch not in library",IF(N($F30)<=0,"⚠ Enter "&IF($G30="pcs","quantity","seam length (cm)"),IF(AND($G30="cm",N($E30)<=0),"⚠ Enter SPI",IF($H30=0,"⚠ No factor at SPI "&$E30&" – valid "&INDEX(Lib_MinSPI,$AB30)&"–"&INDEX(Lib_MaxSPI,$AB30),IF(AND($AF30="Y",IF(N($D30)<1,1,$D30)>3),"⚠ More than 3 rows – thread for extra rows not allocated",IF($Z30>0.00001,"⚠ Assign threads ("&TEXT($Z30,"0.00")&" m unassigned)","✔ OK")))))))) | AB30: =IF($C30="","",IFERROR(MATCH($C30,Lib_Names,0),"")) | AC30: =IF($AB30="","",IF(INDEX(Lib_Basis,$AB30)="Piece",1,N($E30))) | AD30: =IF($AC30="","",INT($AC30)) | AE30: =IF($AC30="","",$AC30-$AD30) | AF30: =IF($AB30="","",INDEX(Lib_Multi,$AB30)) | AG30: =IF($AB30="","",INDEX(Lib_Cat,$AB30)) | AH30: =IF(N($F30)<=0,0,$F30/100*IF(OR($AB30="",$AC30="",N($AC30)<1,N($AC30)>24),0,IF($AE30=0,INDEX(Engine_Grid,0+$AB30,$AD30),IF(OR($AD30>=24,INDEX(Engine_Grid,0+$AB30,$AD30)=0,INDEX(Engine_Grid,0+$AB30,$AD30+1)=0),0,INDEX(Engine_Grid,0+$AB30,$AD30)*(1-$AE30)+INDEX(Engine_Grid,0+$AB30,$AD30+1)*$AE30)))*IF(N($D30)<1,1,$D30)) -> 0 | AI30: =IF(N($F30)<=0,0,$F30/100*IF(OR($AB30="",$AC30="",N($AC30)<1,N($AC30)>24),0,IF($AE30=0,INDEX(Engine_Grid,75+$AB30,$AD30),IF(OR($AD30>=24,INDEX(Engine_Grid,75+$AB30,$AD30)=0,INDEX(Engine_Grid,75+$AB30,$AD30+1)=0),0,INDEX(Engine_Grid,75+$AB30,$AD30)*(1-$AE30)+INDEX(Engine_Grid,75+$AB30,$AD30+1)*$AE30)))*IF(N($D30)<1,1,$D30)) -> 0 | AJ30: =IF(N($F30)<=0,0,$F30/100*IF(OR($AB30="",$AC30="",N($AC30)<1,N($AC30)>24),0,IF($AE30=0,INDEX(Engine_Grid,150+$AB30,$AD30),IF(OR($AD30>=24,INDEX(Engine_Grid,150+$AB30,$AD30)=0,INDEX(Engine_Grid,150+$AB30,$AD30+1)=0),0,INDEX(Engine_Grid,150+$AB30,$AD30)*(1-$AE30)+INDEX(Engine_Grid,150+$AB30,$AD30+1)*$AE30)))*IF(N($D30)<1,1,$D30)) -> 0 | AK30: =IF(N($F30)<=0,0,$F30/100*IF(OR($AB30="",$AC30="",N($AC30)<1,N($AC30)>24),0,IF($AE30=0,INDEX(Engine_Grid,225+$AB30,$AD30),IF(OR($AD30>=24,INDEX(Engine_Grid,225+$AB30,$AD30)=0,INDEX(Engine_Grid,225+$AB30,$AD30+1)=0),0,INDEX(Engine_Grid,225+$AB30,$AD30)*(1-$AE30)+INDEX(Engine_Grid,225+$AB30,$AD30+1)*$AE30)))*IF(N($D30)<1,1,$D30)) -> 0
... A89: 80 | G89: =IF($AB89="","",IF(INDEX(Lib_Basis,$AB89)="Piece","pcs","cm")) | H89: =IF(OR($AB89="",$AC89="",N($AC89)<1,N($AC89)>24),0,IF($AE89=0,INDEX(Engine_Grid,(WeightIdx-1)*75+$AB89,$AD89),IF(OR($AD89>=24,INDEX(Engine_Grid,(WeightIdx-1)*75+$AB89,$AD89)=0,INDEX(Engine_Grid,(WeightIdx-1)*75+$AB89,$AD89+1)=0),0,INDEX(Engine_Grid,(WeightIdx-1)*75+$AB89,$AD89)*(1-$AE89)+INDEX(Engine_Grid,(WeightIdx-1)*75+$AB89,$AD89+1)*$AE89))) -> 0 | I89: =IF(OR($H89=0,N($F89)<=0),0,$F89/100*$H89*IF(N($D89)<1,1,$D89)) -> 0 | J89: =IF($AB89="","",INDEX(Lib_Needle,$AB89)) | K89: =IF($AB89="","",INDEX(Lib_Bobbin,$AB89)) | L89: =IF($AB89="","",INDEX(Lib_Looper,$AB89)) | M89: =IF($AB89="","",INDEX(Lib_Cover,$AB89)) | O89: =IF($I89=0,0,IF($AF89="Y",$I89*$J89/IF(N($D89)<1,1,$D89),$I89*$J89)) -> 0 | Q89: =IF(AND($I89>0,$AF89="Y",IF(N($D89)<1,1,$D89)>=2),$I89*$J89/IF(N($D89)<1,1,$D89),0) -> 0 | S89: =IF(AND($I89>0,$AF89="Y",IF(N($D89)<1,1,$D89)>=3),$I89*$J89/IF(N($D89)<1,1,$D89),0) -> 0 | U89: =IF($I89=0,0,$I89*$K89) -> 0 | W89: =IF($I89=0,0,$I89*$L89) -> 0 | Y89: =IF($I89=0,0,$I89*$M89) -> 0 | Z89: =IF($N89="",$O89,0)+IF($P89="",$Q89,0)+IF($R89="",$S89,0)+IF($T89="",$U89,0)+IF($V89="",$W89,0)+IF($X89="",$Y89,0)+IF(AND($AF89="Y",IF(N($D89)<1,1,$D89)>3),$I89*$J89*(IF(N($D89)<1,1,$D89)-3)/IF(N($D89)<1,1,$D89),0) -> 0 | AA89: =IF(AND($C89="",N($F89)=0),"",IF($C89="","⚠ Select a stitch type",IF($AB89="","⚠ Stitch not in library",IF(N($F89)<=0,"⚠ Enter "&IF($G89="pcs","quantity","seam length (cm)"),IF(AND($G89="cm",N($E89)<=0),"⚠ Enter SPI",IF($H89=0,"⚠ No factor at SPI "&$E89&" – valid "&INDEX(Lib_MinSPI,$AB89)&"–"&INDEX(Lib_MaxSPI,$AB89),IF(AND($AF89="Y",IF(N($D89)<1,1,$D89)>3),"⚠ More than 3 rows – thread for extra rows not allocated",IF($Z89>0.00001,"⚠ Assign threads ("&TEXT($Z89,"0.00")&" m unassigned)","✔ OK")))))))) | AB89: =IF($C89="","",IFERROR(MATCH($C89,Lib_Names,0),"")) | AC89: =IF($AB89="","",IF(INDEX(Lib_Basis,$AB89)="Piece",1,N($E89))) | AD89: =IF($AC89="","",INT($AC89)) | AE89: =IF($AC89="","",$AC89-$AD89) | AF89: =IF($AB89="","",INDEX(Lib_Multi,$AB89)) | AG89: =IF($AB89="","",INDEX(Lib_Cat,$AB89)) | AH89: =IF(N($F89)<=0,0,$F89/100*IF(OR($AB89="",$AC89="",N($AC89)<1,N($AC89)>24),0,IF($AE89=0,INDEX(Engine_Grid,0+$AB89,$AD89),IF(OR($AD89>=24,INDEX(Engine_Grid,0+$AB89,$AD89)=0,INDEX(Engine_Grid,0+$AB89,$AD89+1)=0),0,INDEX(Engine_Grid,0+$AB89,$AD89)*(1-$AE89)+INDEX(Engine_Grid,0+$AB89,$AD89+1)*$AE89)))*IF(N($D89)<1,1,$D89)) -> 0 | AI89: =IF(N($F89)<=0,0,$F89/100*IF(OR($AB89="",$AC89="",N($AC89)<1,N($AC89)>24),0,IF($AE89=0,INDEX(Engine_Grid,75+$AB89,$AD89),IF(OR($AD89>=24,INDEX(Engine_Grid,75+$AB89,$AD89)=0,INDEX(Engine_Grid,75+$AB89,$AD89+1)=0),0,INDEX(Engine_Grid,75+$AB89,$AD89)*(1-$AE89)+INDEX(Engine_Grid,75+$AB89,$AD89+1)*$AE89)))*IF(N($D89)<1,1,$D89)) -> 0 | AJ89: =IF(N($F89)<=0,0,$F89/100*IF(OR($AB89="",$AC89="",N($AC89)<1,N($AC89)>24),0,IF($AE89=0,INDEX(Engine_Grid,150+$AB89,$AD89),IF(OR($AD89>=24,INDEX(Engine_Grid,150+$AB89,$AD89)=0,INDEX(Engine_Grid,150+$AB89,$AD89+1)=0),0,INDEX(Engine_Grid,150+$AB89,$AD89)*(1-$AE89)+INDEX(Engine_Grid,150+$AB89,$AD89+1)*$AE89)))*IF(N($D89)<1,1,$D89)) -> 0 | AK89: =IF(N($F89)<=0,0,$F89/100*IF(OR($AB89="",$AC89="",N($AC89)<1,N($AC89)>24),0,IF($AE89=0,INDEX(Engine_Grid,225+$AB89,$AD89),IF(OR($AD89>=24,INDEX(Engine_Grid,225+$AB89,$AD89)=0,INDEX(Engine_Grid,225+$AB89,$AD89+1)=0),0,INDEX(Engine_Grid,225+$AB89,$AD89)*(1-$AE89)+INDEX(Engine_Grid,225+$AB89,$AD89+1)*$AE89)))*IF(N($D89)<1,1,$D89)) -> 0
B90: TOTAL (metres per garment, before waste) | I90: =SUM(I10:I89) -> 63.253291 | O90: =SUM(O10:O89) -> 21.533386 | Q90: =SUM(Q10:Q89) -> 2.5275118 | S90: =SUM(S10:S89) -> 0 | U90: =SUM(U10:U89) -> 6.0114488 | W90: =SUM(W10:W89) -> 33.180945 | Y90: =SUM(Y10:Y89) -> 0 | Z90: =SUM(Z10:Z89) -> 0 | AH90: =SUM(AH10:AH89) -> 57.984079 | AI90: =SUM(AI10:AI89) -> 63.253291 | AJ90: =SUM(AJ10:AJ89) -> 71.145024 | AK90: =SUM(AK10:AK89) -> 66.924157

Sheet Thread Order
A1: Thread order & cost – per garment and for the program
A2: Pulls every thread assigned on the Operations sheet, adds waste, converts to cones and cost.
A5: # | B5: Thread description | C5: Net thread m / garment | D5: Waste m / garment | E5: Total incl. waste m / garment | F5: Share of total | G5: Put-up (m / cone) | H5: Price per cone | I5: Price per metre | J5: Thread cost per garment | K5: Cones for program (exact) | L5: Cones (rounded up) | M5: Order value (rounded cones)
A6: 1 | B6: =IF(Setup!B31="","",Setup!B31) -> Tex 40 Spun Poly – Khaki (needle) | C6: =IF($B6="","",SUMIF(Operations!$N$10:$N$89,$B6,Operations!$O$10:$O$89)+SUMIF(Operations!$P$10:$P$89,$B6,Operations!$Q$10:$Q$89)+SUMIF(Operations!$R$10:$R$89,$B6,Operations!$S$10:$S$89)+SUMIF(Operations!$T$10:$T$89,$B6,Operations!$U$10:$U$89)+SUMIF(Operations!$V$10:$V$89,$B6,Operations!$W$10:$W$89)+SUMIF(Operations!$X$10:$X$89,$B6,Operations!$Y$10:$Y$89)) -> 22.977298 | D6: =IF($B6="","",C6*Waste_Pct) -> 2.2977298 | E6: =IF($B6="","",C6+D6) -> 25.275027 | F6: =IF(OR($B6="",$E$21=0),"",E6/$E$21) -> 0.36325853 | G6: =IF($B6="","",IF(Setup!C31="","",Setup!C31)) -> 5000 | H6: =IF($B6="","",IF(Setup!D31="","",Setup!D31)) -> 3.8 | I6: =IF($B6="","",IF(Setup!E31="","",Setup!E31)) -> 0.00076 | J6: =IF(OR($B6="",I6=""),"",E6*I6) -> 0.019209021 | K6: =IF(OR($B6="",N(G6)=0),"",Prog_Size*E6/G6) -> 50.550055 | L6: =IF(K6="","",ROUNDUP(K6,0)) -> 51 | M6: =IF(OR(L6="",N(H6)=0),"",L6*H6) -> 193.8
A7: 2 | B7: =IF(Setup!B32="","",Setup!B32) -> Tex 60 Spun Poly – Khaki (bobbin / looper) | C7: =IF($B7="","",SUMIF(Operations!$N$10:$N$89,$B7,Operations!$O$10:$O$89)+SUMIF(Operations!$P$10:$P$89,$B7,Operations!$Q$10:$Q$89)+SUMIF(Operations!$R$10:$R$89,$B7,Operations!$S$10:$S$89)+SUMIF(Operations!$T$10:$T$89,$B7,Operations!$U$10:$U$89)+SUMIF(Operations!$V$10:$V$89,$B7,Operations!$W$10:$W$89)+SUMIF(Operations!$X$10:$X$89,$B7,Operations!$Y$10:$Y$89)) -> 38.855994 | D7: =IF($B7="","",C7*Waste_Pct) -> 3.8855994 | E7: =IF($B7="","",C7+D7) -> 42.741593 | F7: =IF(OR($B7="",$E$21=0),"",E7/$E$21) -> 0.61429205 | G7: =IF($B7="","",IF(Setup!C32="","",Setup!C32)) -> 5000 | H7: =IF($B7="","",IF(Setup!D32="","",Setup!D32)) -> 3.2 | I7: =IF($B7="","",IF(Setup!E32="","",Setup!E32)) -> 0.00064 | J7: =IF(OR($B7="",I7=""),"",E7*I7) -> 0.02735462 | K7: =IF(OR($B7="",N(G7)=0),"",Prog_Size*E7/G7) -> 85.483186 | L7: =IF(K7="","",ROUNDUP(K7,0)) -> 86 | M7: =IF(OR(L7="",N(H7)=0),"",L7*H7) -> 275.2
A8: 3 | B8: =IF(Setup!B33="","",Setup!B33) -> Tex 27 Core Poly – Khaki (bartack / buttonhole) | C8: =IF($B8="","",SUMIF(Operations!$N$10:$N$89,$B8,Operations!$O$10:$O$89)+SUMIF(Operations!$P$10:$P$89,$B8,Operations!$Q$10:$Q$89)+SUMIF(Operations!$R$10:$R$89,$B8,Operations!$S$10:$S$89)+SUMIF(Operations!$T$10:$T$89,$B8,Operations!$U$10:$U$89)+SUMIF(Operations!$V$10:$V$89,$B8,Operations!$W$10:$W$89)+SUMIF(Operations!$X$10:$X$89,$B8,Operations!$Y$10:$Y$89)) -> 1.42 | D8: =IF($B8="","",C8*Waste_Pct) -> 0.142 | E8: =IF($B8="","",C8+D8) -> 1.562 | F8: =IF(OR($B8="",$E$21=0),"",E8/$E$21) -> 0.022449425 | G8: =IF($B8="","",IF(Setup!C33="","",Setup!C33)) -> 3000 | H8: =IF($B8="","",IF(Setup!D33="","",Setup!D33)) -> 2.6 | I8: =IF($B8="","",IF(Setup!E33="","",Setup!E33)) -> 0.00086666667 | J8: =IF(OR($B8="",I8=""),"",E8*I8) -> 0.0013537333 | K8: =IF(OR($B8="",N(G8)=0),"",Prog_Size*E8/G8) -> 5.2066667 | L8: =IF(K8="","",ROUNDUP(K8,0)) -> 6 | M8: =IF(OR(L8="",N(H8)=0),"",L8*H8) -> 15.6
A9: 4 | B9: =IF(Setup!B34="","",Setup!B34) | C9: =IF($B9="","",SUMIF(Operations!$N$10:$N$89,$B9,Operations!$O$10:$O$89)+SUMIF(Operations!$P$10:$P$89,$B9,Operations!$Q$10:$Q$89)+SUMIF(Operations!$R$10:$R$89,$B9,Operations!$S$10:$S$89)+SUMIF(Operations!$T$10:$T$89,$B9,Operations!$U$10:$U$89)+SUMIF(Operations!$V$10:$V$89,$B9,Operations!$W$10:$W$89)+SUMIF(Operations!$X$10:$X$89,$B9,Operations!$Y$10:$Y$89)) | D9: =IF($B9="","",C9*Waste_Pct) | E9: =IF($B9="","",C9+D9) | F9: =IF(OR($B9="",$E$21=0),"",E9/$E$21) | G9: =IF($B9="","",IF(Setup!C34="","",Setup!C34)) | H9: =IF($B9="","",IF(Setup!D34="","",Setup!D34)) | I9: =IF($B9="","",IF(Setup!E34="","",Setup!E34)) | J9: =IF(OR($B9="",I9=""),"",E9*I9) | K9: =IF(OR($B9="",N(G9)=0),"",Prog_Size*E9/G9) | L9: =IF(K9="","",ROUNDUP(K9,0)) | M9: =IF(OR(L9="",N(H9)=0),"",L9*H9)
A10: 5 | B10: =IF(Setup!B35="","",Setup!B35) | C10: =IF($B10="","",SUMIF(Operations!$N$10:$N$89,$B10,Operations!$O$10:$O$89)+SUMIF(Operations!$P$10:$P$89,$B10,Operations!$Q$10:$Q$89)+SUMIF(Operations!$R$10:$R$89,$B10,Operations!$S$10:$S$89)+SUMIF(Operations!$T$10:$T$89,$B10,Operations!$U$10:$U$89)+SUMIF(Operations!$V$10:$V$89,$B10,Operations!$W$10:$W$89)+SUMIF(Operations!$X$10:$X$89,$B10,Operations!$Y$10:$Y$89)) | D10: =IF($B10="","",C10*Waste_Pct) | E10: =IF($B10="","",C10+D10) | F10: =IF(OR($B10="",$E$21=0),"",E10/$E$21) | G10: =IF($B10="","",IF(Setup!C35="","",Setup!C35)) | H10: =IF($B10="","",IF(Setup!D35="","",Setup!D35)) | I10: =IF($B10="","",IF(Setup!E35="","",Setup!E35)) | J10: =IF(OR($B10="",I10=""),"",E10*I10) | K10: =IF(OR($B10="",N(G10)=0),"",Prog_Size*E10/G10) | L10: =IF(K10="","",ROUNDUP(K10,0)) | M10: =IF(OR(L10="",N(H10)=0),"",L10*H10)
A11: 6 | B11: =IF(Setup!B36="","",Setup!B36) | C11: =IF($B11="","",SUMIF(Operations!$N$10:$N$89,$B11,Operations!$O$10:$O$89)+SUMIF(Operations!$P$10:$P$89,$B11,Operations!$Q$10:$Q$89)+SUMIF(Operations!$R$10:$R$89,$B11,Operations!$S$10:$S$89)+SUMIF(Operations!$T$10:$T$89,$B11,Operations!$U$10:$U$89)+SUMIF(Operations!$V$10:$V$89,$B11,Operations!$W$10:$W$89)+SUMIF(Operations!$X$10:$X$89,$B11,Operations!$Y$10:$Y$89)) | D11: =IF($B11="","",C11*Waste_Pct) | E11: =IF($B11="","",C11+D11) | F11: =IF(OR($B11="",$E$21=0),"",E11/$E$21) | G11: =IF($B11="","",IF(Setup!C36="","",Setup!C36)) | H11: =IF($B11="","",IF(Setup!D36="","",Setup!D36)) | I11: =IF($B11="","",IF(Setup!E36="","",Setup!E36)) | J11: =IF(OR($B11="",I11=""),"",E11*I11) | K11: =IF(OR($B11="",N(G11)=0),"",Prog_Size*E11/G11) | L11: =IF(K11="","",ROUNDUP(K11,0)) | M11: =IF(OR(L11="",N(H11)=0),"",L11*H11)
A12: 7 | B12: =IF(Setup!B37="","",Setup!B37) | C12: =IF($B12="","",SUMIF(Operations!$N$10:$N$89,$B12,Operations!$O$10:$O$89)+SUMIF(Operations!$P$10:$P$89,$B12,Operations!$Q$10:$Q$89)+SUMIF(Operations!$R$10:$R$89,$B12,Operations!$S$10:$S$89)+SUMIF(Operations!$T$10:$T$89,$B12,Operations!$U$10:$U$89)+SUMIF(Operations!$V$10:$V$89,$B12,Operations!$W$10:$W$89)+SUMIF(Operations!$X$10:$X$89,$B12,Operations!$Y$10:$Y$89)) | D12: =IF($B12="","",C12*Waste_Pct) | E12: =IF($B12="","",C12+D12) | F12: =IF(OR($B12="",$E$21=0),"",E12/$E$21) | G12: =IF($B12="","",IF(Setup!C37="","",Setup!C37)) | H12: =IF($B12="","",IF(Setup!D37="","",Setup!D37)) | I12: =IF($B12="","",IF(Setup!E37="","",Setup!E37)) | J12: =IF(OR($B12="",I12=""),"",E12*I12) | K12: =IF(OR($B12="",N(G12)=0),"",Prog_Size*E12/G12) | L12: =IF(K12="","",ROUNDUP(K12,0)) | M12: =IF(OR(L12="",N(H12)=0),"",L12*H12)
A13: 8 | B13: =IF(Setup!B38="","",Setup!B38) | C13: =IF($B13="","",SUMIF(Operations!$N$10:$N$89,$B13,Operations!$O$10:$O$89)+SUMIF(Operations!$P$10:$P$89,$B13,Operations!$Q$10:$Q$89)+SUMIF(Operations!$R$10:$R$89,$B13,Operations!$S$10:$S$89)+SUMIF(Operations!$T$10:$T$89,$B13,Operations!$U$10:$U$89)+SUMIF(Operations!$V$10:$V$89,$B13,Operations!$W$10:$W$89)+SUMIF(Operations!$X$10:$X$89,$B13,Operations!$Y$10:$Y$89)) | D13: =IF($B13="","",C13*Waste_Pct) | E13: =IF($B13="","",C13+D13) | F13: =IF(OR($B13="",$E$21=0),"",E13/$E$21) | G13: =IF($B13="","",IF(Setup!C38="","",Setup!C38)) | H13: =IF($B13="","",IF(Setup!D38="","",Setup!D38)) | I13: =IF($B13="","",IF(Setup!E38="","",Setup!E38)) | J13: =IF(OR($B13="",I13=""),"",E13*I13) | K13: =IF(OR($B13="",N(G13)=0),"",Prog_Size*E13/G13) | L13: =IF(K13="","",ROUNDUP(K13,0)) | M13: =IF(OR(L13="",N(H13)=0),"",L13*H13)
A14: 9 | B14: =IF(Setup!B39="","",Setup!B39) | C14: =IF($B14="","",SUMIF(Operations!$N$10:$N$89,$B14,Operations!$O$10:$O$89)+SUMIF(Operations!$P$10:$P$89,$B14,Operations!$Q$10:$Q$89)+SUMIF(Operations!$R$10:$R$89,$B14,Operations!$S$10:$S$89)+SUMIF(Operations!$T$10:$T$89,$B14,Operations!$U$10:$U$89)+SUMIF(Operations!$V$10:$V$89,$B14,Operations!$W$10:$W$89)+SUMIF(Operations!$X$10:$X$89,$B14,Operations!$Y$10:$Y$89)) | D14: =IF($B14="","",C14*Waste_Pct) | E14: =IF($B14="","",C14+D14) | F14: =IF(OR($B14="",$E$21=0),"",E14/$E$21) | G14: =IF($B14="","",IF(Setup!C39="","",Setup!C39)) | H14: =IF($B14="","",IF(Setup!D39="","",Setup!D39)) | I14: =IF($B14="","",IF(Setup!E39="","",Setup!E39)) | J14: =IF(OR($B14="",I14=""),"",E14*I14) | K14: =IF(OR($B14="",N(G14)=0),"",Prog_Size*E14/G14) | L14: =IF(K14="","",ROUNDUP(K14,0)) | M14: =IF(OR(L14="",N(H14)=0),"",L14*H14)
A15: 10 | B15: =IF(Setup!B40="","",Setup!B40) | C15: =IF($B15="","",SUMIF(Operations!$N$10:$N$89,$B15,Operations!$O$10:$O$89)+SUMIF(Operations!$P$10:$P$89,$B15,Operations!$Q$10:$Q$89)+SUMIF(Operations!$R$10:$R$89,$B15,Operations!$S$10:$S$89)+SUMIF(Operations!$T$10:$T$89,$B15,Operations!$U$10:$U$89)+SUMIF(Operations!$V$10:$V$89,$B15,Operations!$W$10:$W$89)+SUMIF(Operations!$X$10:$X$89,$B15,Operations!$Y$10:$Y$89)) | D15: =IF($B15="","",C15*Waste_Pct) | E15: =IF($B15="","",C15+D15) | F15: =IF(OR($B15="",$E$21=0),"",E15/$E$21) | G15: =IF($B15="","",IF(Setup!C40="","",Setup!C40)) | H15: =IF($B15="","",IF(Setup!D40="","",Setup!D40)) | I15: =IF($B15="","",IF(Setup!E40="","",Setup!E40)) | J15: =IF(OR($B15="",I15=""),"",E15*I15) | K15: =IF(OR($B15="",N(G15)=0),"",Prog_Size*E15/G15) | L15: =IF(K15="","",ROUNDUP(K15,0)) | M15: =IF(OR(L15="",N(H15)=0),"",L15*H15)
A16: 11 | B16: =IF(Setup!B41="","",Setup!B41) | C16: =IF($B16="","",SUMIF(Operations!$N$10:$N$89,$B16,Operations!$O$10:$O$89)+SUMIF(Operations!$P$10:$P$89,$B16,Operations!$Q$10:$Q$89)+SUMIF(Operations!$R$10:$R$89,$B16,Operations!$S$10:$S$89)+SUMIF(Operations!$T$10:$T$89,$B16,Operations!$U$10:$U$89)+SUMIF(Operations!$V$10:$V$89,$B16,Operations!$W$10:$W$89)+SUMIF(Operations!$X$10:$X$89,$B16,Operations!$Y$10:$Y$89)) | D16: =IF($B16="","",C16*Waste_Pct) | E16: =IF($B16="","",C16+D16) | F16: =IF(OR($B16="",$E$21=0),"",E16/$E$21) | G16: =IF($B16="","",IF(Setup!C41="","",Setup!C41)) | H16: =IF($B16="","",IF(Setup!D41="","",Setup!D41)) | I16: =IF($B16="","",IF(Setup!E41="","",Setup!E41)) | J16: =IF(OR($B16="",I16=""),"",E16*I16) | K16: =IF(OR($B16="",N(G16)=0),"",Prog_Size*E16/G16) | L16: =IF(K16="","",ROUNDUP(K16,0)) | M16: =IF(OR(L16="",N(H16)=0),"",L16*H16)
A17: 12 | B17: =IF(Setup!B42="","",Setup!B42) | C17: =IF($B17="","",SUMIF(Operations!$N$10:$N$89,$B17,Operations!$O$10:$O$89)+SUMIF(Operations!$P$10:$P$89,$B17,Operations!$Q$10:$Q$89)+SUMIF(Operations!$R$10:$R$89,$B17,Operations!$S$10:$S$89)+SUMIF(Operations!$T$10:$T$89,$B17,Operations!$U$10:$U$89)+SUMIF(Operations!$V$10:$V$89,$B17,Operations!$W$10:$W$89)+SUMIF(Operations!$X$10:$X$89,$B17,Operations!$Y$10:$Y$89)) | D17: =IF($B17="","",C17*Waste_Pct) | E17: =IF($B17="","",C17+D17) | F17: =IF(OR($B17="",$E$21=0),"",E17/$E$21) | G17: =IF($B17="","",IF(Setup!C42="","",Setup!C42)) | H17: =IF($B17="","",IF(Setup!D42="","",Setup!D42)) | I17: =IF($B17="","",IF(Setup!E42="","",Setup!E42)) | J17: =IF(OR($B17="",I17=""),"",E17*I17) | K17: =IF(OR($B17="",N(G17)=0),"",Prog_Size*E17/G17) | L17: =IF(K17="","",ROUNDUP(K17,0)) | M17: =IF(OR(L17="",N(H17)=0),"",L17*H17)
... A20: 15 | B20: =IF(Setup!B45="","",Setup!B45) | C20: =IF($B20="","",SUMIF(Operations!$N$10:$N$89,$B20,Operations!$O$10:$O$89)+SUMIF(Operations!$P$10:$P$89,$B20,Operations!$Q$10:$Q$89)+SUMIF(Operations!$R$10:$R$89,$B20,Operations!$S$10:$S$89)+SUMIF(Operations!$T$10:$T$89,$B20,Operations!$U$10:$U$89)+SUMIF(Operations!$V$10:$V$89,$B20,Operations!$W$10:$W$89)+SUMIF(Operations!$X$10:$X$89,$B20,Operations!$Y$10:$Y$89)) | D20: =IF($B20="","",C20*Waste_Pct) | E20: =IF($B20="","",C20+D20) | F20: =IF(OR($B20="",$E$21=0),"",E20/$E$21) | G20: =IF($B20="","",IF(Setup!C45="","",Setup!C45)) | H20: =IF($B20="","",IF(Setup!D45="","",Setup!D45)) | I20: =IF($B20="","",IF(Setup!E45="","",Setup!E45)) | J20: =IF(OR($B20="",I20=""),"",E20*I20) | K20: =IF(OR($B20="",N(G20)=0),"",Prog_Size*E20/G20) | L20: =IF(K20="","",ROUNDUP(K20,0)) | M20: =IF(OR(L20="",N(H20)=0),"",L20*H20)
B21: TOTAL | C21: =SUM(C6:C20) -> 63.253291 | D21: =SUM(D6:D20) -> 6.3253291 | E21: =SUM(E6:E20) -> 69.57862 | J21: =SUM(J6:J20) -> 0.047917374 | L21: =SUM(L6:L20) -> 143 | M21: =SUM(M6:M20) -> 484.6
B23: Integrity checks
B24: Metres on Operations sheet (net) | C24: =Operations!I90 -> 63.253291 | D24: =IF(AND(ABS(C25)<0.001,ABS(C26)<0.001),"✔ Reconciled","⚠ Check thread assignments") -> ✔ Reconciled
B25: Metres not assigned to any thread | C25: =Operations!Z90 -> 0
B26: Metres assigned to threads missing from this table | C26: =ROUND(C24-C25-C21,3) -> 0
B28: Cost currency: | C28: =Currency -> US $
B29: Program size (garments): | C29: =Prog_Size -> 10000
B30: Waste allowance: | C30: =Waste_Pct -> 0.1

Sheet Dashboard
A1: Dashboard – sewing thread consumption
A2: =Setup!C5&" | "&Setup!C6&" | "&Setup!C7 -> Sample Apparel Ltd. | SAMPLE – Men's chino trouser (replace) | STY-0001
B4: Fabric weight | C4: Thread / garment, net (m) | D4: Incl. waste (m) | E4: Thread cost / garment | F4: Cones for program | H4: Data check
B5: =Setup!C11&" – "&TEXT(Setup!C20,"0.0")&" mm" -> Medium – 1.9 mm | C5: ='Thread Order'!C21 -> 63.253291 | D5: ='Thread Order'!E21 -> 69.57862 | E5: ='Thread Order'!J21 -> 0.047917374 | F5: ='Thread Order'!L21 -> 143 | H5: =IF(AND(COUNTIF(Operations!AA10:AA89,"⚠*")=0,LEFT('Thread Order'!D24,1)="✔"),"✔ All OK","⚠ Review Operations") -> ✔ All OK
B6: Cost currency: | C6: =Currency -> US $
B8: Thread by position (net m / garment)
B9: Position | C9: Metres | D9: Share
B10: Needle (all) | C10: =Operations!O90+Operations!Q90+Operations!S90 -> 24.060898 | D10: =IF(SUM($C$10:$C$13)=0,0,C10/SUM($C$10:$C$13)) -> 0.38038965
B11: Bobbin | C11: =Operations!U90 -> 6.0114488 | D11: =IF(SUM($C$10:$C$13)=0,0,C11/SUM($C$10:$C$13)) -> 0.095037724
B12: Looper | C12: =Operations!W90 -> 33.180945 | D12: =IF(SUM($C$10:$C$13)=0,0,C12/SUM($C$10:$C$13)) -> 0.52457262
B13: Cover | C13: =Operations!Y90 -> 0 | D13: =IF(SUM($C$10:$C$13)=0,0,C13/SUM($C$10:$C$13)) -> 0
B16: Thread by stitch category (net m / garment)
B17: Category | C17: Metres | D17: Share
B18: Blind / saddle stitch | C18: =SUMIF(Operations!$AG$10:$AG$89,B18,Operations!$I$10:$I$89) -> 4.224 | D18: =IF(SUM($C$18:$C$29)=0,0,C18/SUM($C$18:$C$29)) -> 0.066779134
B19: Chainstitch | C19: =SUMIF(Operations!$AG$10:$AG$89,B19,Operations!$I$10:$I$89) -> 8.2440945 | D19: =IF(SUM($C$18:$C$29)=0,0,C19/SUM($C$18:$C$29)) -> 0.13033463
B20: Lockstitch / zigzag | C20: =SUMIF(Operations!$AG$10:$AG$89,B20,Operations!$I$10:$I$89) -> 11.581732 | D20: =IF(SUM($C$18:$C$29)=0,0,C20/SUM($C$18:$C$29)) -> 0.18310086
B21: Bottom cover | C21: =SUMIF(Operations!$AG$10:$AG$89,B21,Operations!$I$10:$I$89) -> 0 | D21: =IF(SUM($C$18:$C$29)=0,0,C21/SUM($C$18:$C$29)) -> 0
B22: Overlock / overedge | C22: =SUMIF(Operations!$AG$10:$AG$89,B22,Operations!$I$10:$I$89) -> 37.783465 | D22: =IF(SUM($C$18:$C$29)=0,0,C22/SUM($C$18:$C$29)) -> 0.59733595
B23: Safety stitch / combination | C23: =SUMIF(Operations!$AG$10:$AG$89,B23,Operations!$I$10:$I$89) -> 0 | D23: =IF(SUM($C$18:$C$29)=0,0,C23/SUM($C$18:$C$29)) -> 0
B24: Coverstitch | C24: =SUMIF(Operations!$AG$10:$AG$89,B24,Operations!$I$10:$I$89) -> 0 | D24: =IF(SUM($C$18:$C$29)=0,0,C24/SUM($C$18:$C$29)) -> 0
B25: Bartack | C25: =SUMIF(Operations!$AG$10:$AG$89,B25,Operations!$I$10:$I$89) -> 0.98 | D25: =IF(SUM($C$18:$C$29)=0,0,C25/SUM($C$18:$C$29)) -> 0.015493265
B26: Button sew | C26: =SUMIF(Operations!$AG$10:$AG$89,B26,Operations!$I$10:$I$89) -> 0.14 | D26: =IF(SUM($C$18:$C$29)=0,0,C26/SUM($C$18:$C$29)) -> 0.0022133236
B27: Buttonhole | C27: =SUMIF(Operations!$AG$10:$AG$89,B27,Operations!$I$10:$I$89) -> 0.3 | D27: =IF(SUM($C$18:$C$29)=0,0,C27/SUM($C$18:$C$29)) -> 0.0047428362
B28: Embroidery | C28: =SUMIF(Operations!$AG$10:$AG$89,B28,Operations!$I$10:$I$89) -> 0 | D28: =IF(SUM($C$18:$C$29)=0,0,C28/SUM($C$18:$C$29)) -> 0
B29: Other | C29: =SUMIF(Operations!$AG$10:$AG$89,B29,Operations!$I$10:$I$89) -> 0 | D29: =IF(SUM($C$18:$C$29)=0,0,C29/SUM($C$18:$C$29)) -> 0
B31: Fabric-weight sensitivity – same operations, different fabric
B32: Fabric class | C32: Seam thickness (mm) | D32: Net m / garment | E32: Incl. waste (m) | F32: vs active
B33: Light | C33: =Setup!C14 -> 1.2 | D33: =Operations!AH90 -> 57.984079 | E33: =D33*(1+Waste_Pct) -> 63.782487 | F33: =IF(INDEX($D$33:$D$36,WeightIdx)=0,0,D33/INDEX($D$33:$D$36,WeightIdx)-1) -> -0.083303374
B34: Medium | C34: =Setup!C15 -> 1.9 | D34: =Operations!AI90 -> 63.253291 | E34: =D34*(1+Waste_Pct) -> 69.57862 | F34: =IF(INDEX($D$33:$D$36,WeightIdx)=0,0,D34/INDEX($D$33:$D$36,WeightIdx)-1) -> 0
B35: Heavy | C35: =Setup!C16 -> 2.9 | D35: =Operations!AJ90 -> 71.145024 | E35: =D35*(1+Waste_Pct) -> 78.259526 | F35: =IF(INDEX($D$33:$D$36,WeightIdx)=0,0,D35/INDEX($D$33:$D$36,WeightIdx)-1) -> 0.12476398
B36: Custom | C36: =Setup!C17 -> 2.4 | D36: =Operations!AK90 -> 66.924157 | E36: =D36*(1+Waste_Pct) -> 73.616573 | F36: =IF(INDEX($D$33:$D$36,WeightIdx)=0,0,D36/INDEX($D$33:$D$36,WeightIdx)-1) -> 0.058034389
B38: Green row = fabric class currently selected on Setup.

Sheet Stitch Library
A1: Stitch library – ISO stitch types, thread split by role, SPI coverage
A2: Needle / bobbin / looper / cover split = share of each operation's thread that goes to that thread position. Edit the blue splits to fit your machines.
F4: Light split | J4: Medium split | N4: Heavy split | R4: Custom split | V4: ACTIVE split (selected weight)
A5: # | B5: Stitch type | C5: Category | D5: Basis | E5: Multi-row? | F5: Needle | G5: Bobbin | H5: Looper | I5: Cover | J5: Needle | K5: Bobbin | L5: Looper | M5: Cover | N5: Needle | O5: Bobbin | P5: Looper | Q5: Cover | R5: Needle | S5: Bobbin | T5: Looper | U5: Cover | V5: Needle | W5: Bobbin | X5: Looper | Y5: Cover | Z5: Split sum | AA5: Min SPI | AB5: Max SPI
A6: 1 | B6: 103 Blindstitch | C6: Blind / saddle stitch | D6: Seam | E6: Y | F6: 1 | G6: 0 | H6: 0 | I6: 0 | J6: 1 | K6: 0 | L6: 0 | M6: 0 | N6: 1 | O6: 0 | P6: 0 | Q6: 0 | R6: =J6 -> 1 | S6: =K6 -> 0 | T6: =L6 -> 0 | U6: =M6 -> 0 | V6: =CHOOSE(WeightIdx,F6,J6,N6,R6) -> 1 | W6: =CHOOSE(WeightIdx,G6,K6,O6,S6) -> 0 | X6: =CHOOSE(WeightIdx,H6,L6,P6,T6) -> 0 | Y6: =CHOOSE(WeightIdx,I6,M6,Q6,U6) -> 0 | Z6: =SUM(V6:Y6) -> 1 | AA6: =25-SUMPRODUCT(MAX((Engine!$D83:$AA83<>"")*(25-Engine!$D$7:$AA$7))) -> 3 | AB6: =SUMPRODUCT(MAX((Engine!$D83:$AA83<>"")*Engine!$D$7:$AA$7)) -> 10
A7: 2 | B7: 108 (1.2mm) Saddlestitch | C7: Blind / saddle stitch | D7: Seam | E7: Y | F7: 1 | G7: 0 | H7: 0 | I7: 0 | J7: 1 | K7: 0 | L7: 0 | M7: 0 | N7: 1 | O7: 0 | P7: 0 | Q7: 0 | R7: =J7 -> 1 | S7: =K7 -> 0 | T7: =L7 -> 0 | U7: =M7 -> 0 | V7: =CHOOSE(WeightIdx,F7,J7,N7,R7) -> 1 | W7: =CHOOSE(WeightIdx,G7,K7,O7,S7) -> 0 | X7: =CHOOSE(WeightIdx,H7,L7,P7,T7) -> 0 | Y7: =CHOOSE(WeightIdx,I7,M7,Q7,U7) -> 0 | Z7: =SUM(V7:Y7) -> 1 | AA7: =25-SUMPRODUCT(MAX((Engine!$D84:$AA84<>"")*(25-Engine!$D$7:$AA$7))) -> 2 | AB7: =SUMPRODUCT(MAX((Engine!$D84:$AA84<>"")*Engine!$D$7:$AA$7)) -> 10
A8: 3 | B8: 108 (3mm) Saddlestitch | C8: Blind / saddle stitch | D8: Seam | E8: Y | F8: 1 | G8: 0 | H8: 0 | I8: 0 | J8: 1 | K8: 0 | L8: 0 | M8: 0 | N8: 1 | O8: 0 | P8: 0 | Q8: 0 | R8: =J8 -> 1 | S8: =K8 -> 0 | T8: =L8 -> 0 | U8: =M8 -> 0 | V8: =CHOOSE(WeightIdx,F8,J8,N8,R8) -> 1 | W8: =CHOOSE(WeightIdx,G8,K8,O8,S8) -> 0 | X8: =CHOOSE(WeightIdx,H8,L8,P8,T8) -> 0 | Y8: =CHOOSE(WeightIdx,I8,M8,Q8,U8) -> 0 | Z8: =SUM(V8:Y8) -> 1 | AA8: =25-SUMPRODUCT(MAX((Engine!$D85:$AA85<>"")*(25-Engine!$D$7:$AA$7))) -> 2 | AB8: =SUMPRODUCT(MAX((Engine!$D85:$AA85<>"")*Engine!$D$7:$AA$7)) -> 10
A9: 4 | B9: 108 (5mm) Saddlestitch | C9: Blind / saddle stitch | D9: Seam | E9: Y | F9: 1 | G9: 0 | H9: 0 | I9: 0 | J9: 1 | K9: 0 | L9: 0 | M9: 0 | N9: 1 | O9: 0 | P9: 0 | Q9: 0 | R9: =J9 -> 1 | S9: =K9 -> 0 | T9: =L9 -> 0 | U9: =M9 -> 0 | V9: =CHOOSE(WeightIdx,F9,J9,N9,R9) -> 1 | W9: =CHOOSE(WeightIdx,G9,K9,O9,S9) -> 0 | X9: =CHOOSE(WeightIdx,H9,L9,P9,T9) -> 0 | Y9: =CHOOSE(WeightIdx,I9,M9,Q9,U9) -> 0 | Z9: =SUM(V9:Y9) -> 1 | AA9: =25-SUMPRODUCT(MAX((Engine!$D86:$AA86<>"")*(25-Engine!$D$7:$AA$7))) -> 2 | AB9: =SUMPRODUCT(MAX((Engine!$D86:$AA86<>"")*Engine!$D$7:$AA$7)) -> 10
A10: 5 | B10: 201 Saddle Stitch | C10: Blind / saddle stitch | D10: Seam | E10: Y | F10: 1 | G10: 0 | H10: 0 | I10: 0 | J10: 1 | K10: 0 | L10: 0 | M10: 0 | N10: 1 | O10: 0 | P10: 0 | Q10: 0 | R10: =J10 -> 1 | S10: =K10 -> 0 | T10: =L10 -> 0 | U10: =M10 -> 0 | V10: =CHOOSE(WeightIdx,F10,J10,N10,R10) -> 1 | W10: =CHOOSE(WeightIdx,G10,K10,O10,S10) -> 0 | X10: =CHOOSE(WeightIdx,H10,L10,P10,T10) -> 0 | Y10: =CHOOSE(WeightIdx,I10,M10,Q10,U10) -> 0 | Z10: =SUM(V10:Y10) -> 1 | AA10: =25-SUMPRODUCT(MAX((Engine!$D87:$AA87<>"")*(25-Engine!$D$7:$AA$7))) -> 5 | AB10: =SUMPRODUCT(MAX((Engine!$D87:$AA87<>"")*Engine!$D$7:$AA$7)) -> 24
A11: 6 | B11: 101 Single Needle Chain | C11: Chainstitch | D11: Seam | E11: Y | F11: 1 | G11: 0 | H11: 0 | I11: 0 | J11: 1 | K11: 0 | L11: 0 | M11: 0 | N11: 1 | O11: 0 | P11: 0 | Q11: 0 | R11: =J11 -> 1 | S11: =K11 -> 0 | T11: =L11 -> 0 | U11: =M11 -> 0 | V11: =CHOOSE(WeightIdx,F11,J11,N11,R11) -> 1 | W11: =CHOOSE(WeightIdx,G11,K11,O11,S11) -> 0 | X11: =CHOOSE(WeightIdx,H11,L11,P11,T11) -> 0 | Y11: =CHOOSE(WeightIdx,I11,M11,Q11,U11) -> 0 | Z11: =SUM(V11:Y11) -> 1 | AA11: =25-SUMPRODUCT(MAX((Engine!$D88:$AA88<>"")*(25-Engine!$D$7:$AA$7))) -> 3 | AB11: =SUMPRODUCT(MAX((Engine!$D88:$AA88<>"")*Engine!$D$7:$AA$7)) -> 24
A12: 7 | B12: 301 Lockstitch | C12: Lockstitch / zigzag | D12: Seam | E12: Y | F12: 0.51 | G12: 0.49 | H12: 0 | I12: 0 | J12: 0.51 | K12: 0.49 | L12: 0 | M12: 0 | N12: 0.51 | O12: 0.49 | P12: 0 | Q12: 0 | R12: =J12 -> 0.51 | S12: =K12 -> 0.49 | T12: =L12 -> 0 | U12: =M12 -> 0 | V12: =CHOOSE(WeightIdx,F12,J12,N12,R12) -> 0.51 | W12: =CHOOSE(WeightIdx,G12,K12,O12,S12) -> 0.49 | X12: =CHOOSE(WeightIdx,H12,L12,P12,T12) -> 0 | Y12: =CHOOSE(WeightIdx,I12,M12,Q12,U12) -> 0 | Z12: =SUM(V12:Y12) -> 1 | AA12: =25-SUMPRODUCT(MAX((Engine!$D89:$AA89<>"")*(25-Engine!$D$7:$AA$7))) -> 2 | AB12: =SUMPRODUCT(MAX((Engine!$D89:$AA89<>"")*Engine!$D$7:$AA$7)) -> 24
A13: 8 | B13: 304 1/8" ZigZag | C13: Lockstitch / zigzag | D13: Seam | E13: Y | F13: 0.51 | G13: 0.49 | H13: 0 | I13: 0 | J13: 0.51 | K13: 0.49 | L13: 0 | M13: 0 | N13: 0.51 | O13: 0.49 | P13: 0 | Q13: 0 | R13: =J13 -> 0.51 | S13: =K13 -> 0.49 | T13: =L13 -> 0 | U13: =M13 -> 0 | V13: =CHOOSE(WeightIdx,F13,J13,N13,R13) -> 0.51 | W13: =CHOOSE(WeightIdx,G13,K13,O13,S13) -> 0.49 | X13: =CHOOSE(WeightIdx,H13,L13,P13,T13) -> 0 | Y13: =CHOOSE(WeightIdx,I13,M13,Q13,U13) -> 0 | Z13: =SUM(V13:Y13) -> 1 | AA13: =25-SUMPRODUCT(MAX((Engine!$D90:$AA90<>"")*(25-Engine!$D$7:$AA$7))) -> 5 | AB13: =SUMPRODUCT(MAX((Engine!$D90:$AA90<>"")*Engine!$D$7:$AA$7)) -> 24
A14: 9 | B14: 304 3/16"m ZigZag | C14: Lockstitch / zigzag | D14: Seam | E14: Y | F14: 0.51 | G14: 0.49 | H14: 0 | I14: 0 | J14: 0.51 | K14: 0.49 | L14: 0 | M14: 0 | N14: 0.51 | O14: 0.49 | P14: 0 | Q14: 0 | R14: =J14 -> 0.51 | S14: =K14 -> 0.49 | T14: =L14 -> 0 | U14: =M14 -> 0 | V14: =CHOOSE(WeightIdx,F14,J14,N14,R14) -> 0.51 | W14: =CHOOSE(WeightIdx,G14,K14,O14,S14) -> 0.49 | X14: =CHOOSE(WeightIdx,H14,L14,P14,T14) -> 0 | Y14: =CHOOSE(WeightIdx,I14,M14,Q14,U14) -> 0 | Z14: =SUM(V14:Y14) -> 1 | AA14: =25-SUMPRODUCT(MAX((Engine!$D91:$AA91<>"")*(25-Engine!$D$7:$AA$7))) -> 5 | AB14: =SUMPRODUCT(MAX((Engine!$D91:$AA91<>"")*Engine!$D$7:$AA$7)) -> 24
A15: 10 | B15: 304 1/4" ZigZag | C15: Lockstitch / zigzag | D15: Seam | E15: Y | F15: 0.51 | G15: 0.49 | H15: 0 | I15: 0 | J15: 0.51 | K15: 0.49 | L15: 0 | M15: 0 | N15: 0.51 | O15: 0.49 | P15: 0 | Q15: 0 | R15: =J15 -> 0.51 | S15: =K15 -> 0.49 | T15: =L15 -> 0 | U15: =M15 -> 0 | V15: =CHOOSE(WeightIdx,F15,J15,N15,R15) -> 0.51 | W15: =CHOOSE(WeightIdx,G15,K15,O15,S15) -> 0.49 | X15: =CHOOSE(WeightIdx,H15,L15,P15,T15) -> 0 | Y15: =CHOOSE(WeightIdx,I15,M15,Q15,U15) -> 0 | Z15: =SUM(V15:Y15) -> 1 | AA15: =25-SUMPRODUCT(MAX((Engine!$D92:$AA92<>"")*(25-Engine!$D$7:$AA$7))) -> 5 | AB15: =SUMPRODUCT(MAX((Engine!$D92:$AA92<>"")*Engine!$D$7:$AA$7)) -> 24
A16: 11 | B16: 308 (2) Step Zig Zag | C16: Lockstitch / zigzag | D16: Seam | E16: Y | F16: 0.51 | G16: 0.49 | H16: 0 | I16: 0 | J16: 0.51 | K16: 0.49 | L16: 0 | M16: 0 | N16: 0.51 | O16: 0.49 | P16: 0 | Q16: 0 | R16: =J16 -> 0.51 | S16: =K16 -> 0.49 | T16: =L16 -> 0 | U16: =M16 -> 0 | V16: =CHOOSE(WeightIdx,F16,J16,N16,R16) -> 0.51 | W16: =CHOOSE(WeightIdx,G16,K16,O16,S16) -> 0.49 | X16: =CHOOSE(WeightIdx,H16,L16,P16,T16) -> 0 | Y16: =CHOOSE(WeightIdx,I16,M16,Q16,U16) -> 0 | Z16: =SUM(V16:Y16) -> 1 | AA16: =25-SUMPRODUCT(MAX((Engine!$D93:$AA93<>"")*(25-Engine!$D$7:$AA$7))) -> 3 | AB16: =SUMPRODUCT(MAX((Engine!$D93:$AA93<>"")*Engine!$D$7:$AA$7)) -> 10
A17: 12 | B17: 315 (3) Step Zig Zag | C17: Lockstitch / zigzag | D17: Seam | E17: Y | F17: 0.51 | G17: 0.49 | H17: 0 | I17: 0 | J17: 0.51 | K17: 0.49 | L17: 0 | M17: 0 | N17: 0.51 | O17: 0.49 | P17: 0 | Q17: 0 | R17: =J17 -> 0.51 | S17: =K17 -> 0.49 | T17: =L17 -> 0 | U17: =M17 -> 0 | V17: =CHOOSE(WeightIdx,F17,J17,N17,R17) -> 0.51 | W17: =CHOOSE(WeightIdx,G17,K17,O17,S17) -> 0.49 | X17: =CHOOSE(WeightIdx,H17,L17,P17,T17) -> 0 | Y17: =CHOOSE(WeightIdx,I17,M17,Q17,U17) -> 0 | Z17: =SUM(V17:Y17) -> 1 | AA17: =25-SUMPRODUCT(MAX((Engine!$D94:$AA94<>"")*(25-Engine!$D$7:$AA$7))) -> 3 | AB17: =SUMPRODUCT(MAX((Engine!$D94:$AA94<>"")*Engine!$D$7:$AA$7)) -> 10
... A73: 68 | B73: Cap Eyelet Stitch (5/16") | C73: Other | D73: Piece | E73: N | F73: 0.75 | G73: 0.25 | H73: 0 | I73: 0 | J73: 0.75 | K73: 0.25 | L73: 0 | M73: 0 | N73: 0.75 | O73: 0.25 | P73: 0 | Q73: 0 | R73: =J73 -> 0.75 | S73: =K73 -> 0.25 | T73: =L73 -> 0 | U73: =M73 -> 0 | V73: =CHOOSE(WeightIdx,F73,J73,N73,R73) -> 0.75 | W73: =CHOOSE(WeightIdx,G73,K73,O73,S73) -> 0.25 | X73: =CHOOSE(WeightIdx,H73,L73,P73,T73) -> 0 | Y73: =CHOOSE(WeightIdx,I73,M73,Q73,U73) -> 0 | Z73: =SUM(V73:Y73) -> 1 | AA73: =25-SUMPRODUCT(MAX((Engine!$D150:$AA150<>"")*(25-Engine!$D$7:$AA$7))) -> 1 | AB73: =SUMPRODUCT(MAX((Engine!$D150:$AA150<>"")*Engine!$D$7:$AA$7)) -> 1
B75: Basis: 'Seam' = thread factor × seam length (cm). 'Piece' = fixed thread (cm) per piece – enter the QUANTITY in the length column on Operations.
B76: Multi-row = 'Y' lets the Rows input split needle thread across up to 3 needle-thread positions (1–3 rows).
B77: Light / Medium / Heavy splits are copied from the three ANECALC files. 524 stitches (absent from Light & Heavy files) use the Medium split for all weights.

Sheet Engine
A1: Engine – thread factor tables (thread length ÷ seam length) by stitch type and SPI, for each fabric weight
A2: Rebuilt from the 'Formulas H / L / M' sheets of the three ANECALC files. Blue = hard-coded source values; black = formulas driven by seam thickness (t, inches) and SPI. Do not edit unless you know why.
A4: LIGHT WEIGHT BLOCK
B5: Seam thickness (mm) – from Setup | C5: =Setup!$C$14 -> 1.2
B6: Seam thickness (inch) = t | C6: =C5/25.4 -> 0.047244094
A7: # | B7: Stitch type \ SPI → | D7: 1 | E7: 2 | F7: 3 | G7: 4 | H7: 5 | I7: 6 | J7: 7 | K7: 8 | L7: 9 | M7: 10 | N7: 11 | O7: 12 | P7: 13 | Q7: 14 | R7: 15 | S7: 16 | T7: 17 | U7: 18 | V7: 19 | W7: 20 | X7: 21 | Y7: 22 | Z7: 23 | AA7: 24
A8: 1 | B8: ='Stitch Library'!B6 -> 103 Blindstitch | F8: 3.42 | G8: 3.56 | H8: 3.7 | I8: 3.84 | J8: 3.98 | K8: 4.12 | L8: 4.26 | M8: 4.4
A9: 2 | B9: ='Stitch Library'!B7 -> 108 (1.2mm) Saddlestitch | E9: =E$7*((4*$C$6)+(2*0.048)+(3*(1/E$7))) -> 3.5699528 | F9: =F$7*((4*$C$6)+(2*0.048)+(3*(1/F$7))) -> 3.8549291 | G9: =G$7*((4*$C$6)+(2*0.048)+(3*(1/G$7))) -> 4.1399055 | H9: =H$7*((4*$C$6)+(2*0.048)+(3*(1/H$7))) -> 4.4248819 | I9: =I$7*((4*$C$6)+(2*0.048)+(3*(1/I$7))) -> 4.7098583 | J9: =J$7*((4*$C$6)+(2*0.048)+(3*(1/J$7))) -> 4.9948346 | K9: =K$7*((4*$C$6)+(2*0.048)+(3*(1/K$7))) -> 5.279811 | L9: =L$7*((4*$C$6)+(2*0.048)+(3*(1/L$7))) -> 5.5647874 | M9: =M$7*((4*$C$6)+(2*0.048)+(3*(1/M$7))) -> 5.8497638
A10: 3 | B10: ='Stitch Library'!B8 -> 108 (3mm) Saddlestitch | E10: =E$7*((4*$C$6)+(2*0.12)+(3*(1/E$7))) -> 3.8579528 | F10: =F$7*((4*$C$6)+(2*0.12)+(3*(1/F$7))) -> 4.2869291 | G10: =G$7*((4*$C$6)+(2*0.12)+(3*(1/G$7))) -> 4.7159055 | H10: =H$7*((4*$C$6)+(2*0.12)+(3*(1/H$7))) -> 5.1448819 | I10: =I$7*((4*$C$6)+(2*0.12)+(3*(1/I$7))) -> 5.5738583 | J10: =J$7*((4*$C$6)+(2*0.12)+(3*(1/J$7))) -> 6.0028346 | K10: =K$7*((4*$C$6)+(2*0.12)+(3*(1/K$7))) -> 6.431811 | L10: =L$7*((4*$C$6)+(2*0.12)+(3*(1/L$7))) -> 6.8607874 | M10: =M$7*((4*$C$6)+(2*0.12)+(3*(1/M$7))) -> 7.2897638
A11: 4 | B11: ='Stitch Library'!B9 -> 108 (5mm) Saddlestitch | E11: =E$7*((4*$C$6)+(2*0.2)+(3*(1/E$7))) -> 4.1779528 | F11: =F$7*((4*$C$6)+(2*0.2)+(3*(1/F$7))) -> 4.7669291 | G11: =G$7*((4*$C$6)+(2*0.2)+(3*(1/G$7))) -> 5.3559055 | H11: =H$7*((4*$C$6)+(2*0.2)+(3*(1/H$7))) -> 5.9448819 | I11: =I$7*((4*$C$6)+(2*0.2)+(3*(1/I$7))) -> 6.5338583 | J11: =J$7*((4*$C$6)+(2*0.2)+(3*(1/J$7))) -> 7.1228346 | K11: =K$7*((4*$C$6)+(2*0.2)+(3*(1/K$7))) -> 7.711811 | L11: =L$7*((4*$C$6)+(2*0.2)+(3*(1/L$7))) -> 8.3007874 | M11: =M$7*((4*$C$6)+(2*0.2)+(3*(1/M$7))) -> 8.8897638
A12: 5 | B12: ='Stitch Library'!B10 -> 201 Saddle Stitch | H12: =1+1*($C$6*H$7) -> 1.2362205 | I12: =1+1*($C$6*I$7) -> 1.2834646 | J12: =1+1*($C$6*J$7) -> 1.3307087 | K12: =1+1*($C$6*K$7) -> 1.3779528 | L12: =1+1*($C$6*L$7) -> 1.4251969 | M12: =1+1*($C$6*M$7) -> 1.4724409 | N12: =1+1*($C$6*N$7) -> 1.519685 | O12: =1+1*($C$6*O$7) -> 1.5669291 | ... AA12: =1+1*($C$6*AA$7) -> 2.1338583
A13: 6 | B13: ='Stitch Library'!B11 -> 101 Single Needle Chain | F13: =3+2*($C$6*F$7) -> 3.2834646 | G13: =3+2*($C$6*G$7) -> 3.3779528 | H13: =3+2*($C$6*H$7) -> 3.4724409 | I13: =3+2*($C$6*I$7) -> 3.5669291 | J13: =3+2*($C$6*J$7) -> 3.6614173 | K13: =3+2*($C$6*K$7) -> 3.7559055 | L13: =3+2*($C$6*L$7) -> 3.8503937 | M13: =3+2*($C$6*M$7) -> 3.9448819 | ... AA13: =3+2*($C$6*AA$7) -> 5.2677165
A14: 7 | B14: ='Stitch Library'!B12 -> 301 Lockstitch | E14: 2.19 | F14: 2.28 | G14: 2.38 | H14: =2+2*($C$6*H$7) -> 2.4724409 | I14: =2+2*($C$6*I$7) -> 2.5669291 | J14: =2+2*($C$6*J$7) -> 2.6614173 | K14: =2+2*($C$6*K$7) -> 2.7559055 | L14: =2+2*($C$6*L$7) -> 2.8503937 | M14: =2+2*($C$6*M$7) -> 2.9448819 | N14: =2+2*($C$6*N$7) -> 3.0393701 | O14: =2+2*($C$6*O$7) -> 3.1338583 | ... AA14: =2+2*($C$6*AA$7) -> 4.2677165
A15: 8 | B15: ='Stitch Library'!B13 -> 304 1/8" ZigZag | H15: =2*H$7*(SQRT((0.125*0.125)+($C$6*$C$6))+$C$6) -> 1.808742 | I15: =2*I$7*(SQRT((0.125*0.125)+($C$6*$C$6))+$C$6) -> 2.1704904 | J15: =2*J$7*(SQRT((0.125*0.125)+($C$6*$C$6))+$C$6) -> 2.5322388 | K15: =2*K$7*(SQRT((0.125*0.125)+($C$6*$C$6))+$C$6) -> 2.8939872 | L15: =2*L$7*(SQRT((0.125*0.125)+($C$6*$C$6))+$C$6) -> 3.2557356 | M15: =2*M$7*(SQRT((0.125*0.125)+($C$6*$C$6))+$C$6) -> 3.617484 | N15: =2*N$7*(SQRT((0.125*0.125)+($C$6*$C$6))+$C$6) -> 3.9792323 | O15: =2*O$7*(SQRT((0.125*0.125)+($C$6*$C$6))+$C$6) -> 4.3409807 | ... AA15: =2*AA$7*(SQRT((0.125*0.125)+($C$6*$C$6))+$C$6) -> 8.6819615
A16: 9 | B16: ='Stitch Library'!B14 -> 304 3/16"m ZigZag | H16: =2*H$7*(SQRT((0.188*0.188)+($C$6*$C$6))+$C$6) -> 2.4108941 | I16: =2*I$7*(SQRT((0.188*0.188)+($C$6*$C$6))+$C$6) -> 2.8930729 | J16: =2*J$7*(SQRT((0.188*0.188)+($C$6*$C$6))+$C$6) -> 3.3752517 | K16: =2*K$7*(SQRT((0.188*0.188)+($C$6*$C$6))+$C$6) -> 3.8574305 | L16: =2*L$7*(SQRT((0.188*0.188)+($C$6*$C$6))+$C$6) -> 4.3396093 | M16: =2*M$7*(SQRT((0.188*0.188)+($C$6*$C$6))+$C$6) -> 4.8217881 | N16: =2*N$7*(SQRT((0.188*0.188)+($C$6*$C$6))+$C$6) -> 5.3039669 | O16: =2*O$7*(SQRT((0.188*0.188)+($C$6*$C$6))+$C$6) -> 5.7861457 | ... AA16: =2*AA$7*(SQRT((0.188*0.188)+($C$6*$C$6))+$C$6) -> 11.572291
A17: 10 | B17: ='Stitch Library'!B15 -> 304 1/4" ZigZag | H17: =2*H$7*(SQRT((0.25*0.25)+($C$6*$C$6))+$C$6) -> 3.0166894 | I17: =2*I$7*(SQRT((0.25*0.25)+($C$6*$C$6))+$C$6) -> 3.6200273 | J17: =2*J$7*(SQRT((0.25*0.25)+($C$6*$C$6))+$C$6) -> 4.2233652 | K17: =2*K$7*(SQRT((0.25*0.25)+($C$6*$C$6))+$C$6) -> 4.8267031 | L17: =2*L$7*(SQRT((0.25*0.25)+($C$6*$C$6))+$C$6) -> 5.430041 | M17: =2*M$7*(SQRT((0.25*0.25)+($C$6*$C$6))+$C$6) -> 6.0333789 | N17: =2*N$7*(SQRT((0.25*0.25)+($C$6*$C$6))+$C$6) -> 6.6367168 | O17: =2*O$7*(SQRT((0.25*0.25)+($C$6*$C$6))+$C$6) -> 7.2400547 | ... AA17: =2*AA$7*(SQRT((0.25*0.25)+($C$6*$C$6))+$C$6) -> 14.480109
A18: 11 | B18: ='Stitch Library'!B16 -> 308 (2) Step Zig Zag | F18: =2*F$7*(SQRT((0.188*0.188)+($C$6*$C$6))+(3*$C$6)) -> 2.0134656 | G18: =2*G$7*(SQRT((0.188*0.188)+($C$6*$C$6))+(3*$C$6)) -> 2.6846208 | H18: =2*H$7*(SQRT((0.188*0.188)+($C$6*$C$6))+(3*$C$6)) -> 3.3557759 | I18: =2*I$7*(SQRT((0.188*0.188)+($C$6*$C$6))+(3*$C$6)) -> 4.0269311 | J18: =2*J$7*(SQRT((0.188*0.188)+($C$6*$C$6))+(3*$C$6)) -> 4.6980863 | K18: =2*K$7*(SQRT((0.188*0.188)+($C$6*$C$6))+(3*$C$6)) -> 5.3692415 | L18: =2*L$7*(SQRT((0.188*0.188)+($C$6*$C$6))+(3*$C$6)) -> 6.0403967 | M18: =2*M$7*(SQRT((0.188*0.188)+($C$6*$C$6))+(3*$C$6)) -> 6.7115519
A19: 12 | B19: ='Stitch Library'!B17 -> 315 (3) Step Zig Zag | F19: =2*F$7*(SQRT((0.25*0.25)+($C$6*$C$6))+(4*$C$6)) -> 2.6604074 | G19: =2*G$7*(SQRT((0.25*0.25)+($C$6*$C$6))+(4*$C$6)) -> 3.5472098 | H19: =2*H$7*(SQRT((0.25*0.25)+($C$6*$C$6))+(4*$C$6)) -> 4.4340123 | I19: =2*I$7*(SQRT((0.25*0.25)+($C$6*$C$6))+(4*$C$6)) -> 5.3208147 | J19: =2*J$7*(SQRT((0.25*0.25)+($C$6*$C$6))+(4*$C$6)) -> 6.2076172 | K19: =2*K$7*(SQRT((0.25*0.25)+($C$6*$C$6))+(4*$C$6)) -> 7.0944197 | L19: =2*L$7*(SQRT((0.25*0.25)+($C$6*$C$6))+(4*$C$6)) -> 7.9812221 | M19: =2*M$7*(SQRT((0.25*0.25)+($C$6*$C$6))+(4*$C$6)) -> 8.8680246
A20: 13 | B20: ='Stitch Library'!B18 -> 322 (4) Step Zig Zag | F20: =2*F$7*(SQRT((0.25*0.25)+($C$6*$C$6))+(5*$C$6)) -> 2.9438719 | G20: =2*G$7*(SQRT((0.25*0.25)+($C$6*$C$6))+(5*$C$6)) -> 3.9251626 | H20: =2*H$7*(SQRT((0.25*0.25)+($C$6*$C$6))+(5*$C$6)) -> 4.9064532 | I20: =2*I$7*(SQRT((0.25*0.25)+($C$6*$C$6))+(5*$C$6)) -> 5.8877439 | J20: =2*J$7*(SQRT((0.25*0.25)+($C$6*$C$6))+(5*$C$6)) -> 6.8690345 | K20: =2*K$7*(SQRT((0.25*0.25)+($C$6*$C$6))+(5*$C$6)) -> 7.8503252 | L20: =2*L$7*(SQRT((0.25*0.25)+($C$6*$C$6))+(5*$C$6)) -> 8.8316158 | M20: =2*M$7*(SQRT((0.25*0.25)+($C$6*$C$6))+(5*$C$6)) -> 9.8129065
A21: 14 | B21: ='Stitch Library'!B19 -> 401 Chainstitch | H21: =IF(Setup!$C$27="Original",4*2*($C$6*H$7),4+2*($C$6*H$7)) -> 4.4724409 | I21: =IF(Setup!$C$27="Original",4*2*($C$6*I$7),4+2*($C$6*I$7)) -> 4.5669291 | J21: =IF(Setup!$C$27="Original",4*2*($C$6*J$7),4+2*($C$6*J$7)) -> 4.6614173 | K21: =IF(Setup!$C$27="Original",4*2*($C$6*K$7),4+2*($C$6*K$7)) -> 4.7559055 | L21: =IF(Setup!$C$27="Original",4*2*($C$6*L$7),4+2*($C$6*L$7)) -> 4.8503937 | M21: =IF(Setup!$C$27="Original",4*2*($C$6*M$7),4+2*($C$6*M$7)) -> 4.9448819 | N21: =IF(Setup!$C$27="Original",4*2*($C$6*N$7),4+2*($C$6*N$7)) -> 5.0393701 | O21: =IF(Setup!$C$27="Original",4*2*($C$6*O$7),4+2*($C$6*O$7)) -> 5.1338583 | ... AA21: =IF(Setup!$C$27="Original",4*2*($C$6*AA$7),4+2*($C$6*AA$7)) -> 6.2677165
A22: 15 | B22: ='Stitch Library'!B20 -> 404 ZigZag Chain | H22: =2*H$7*(2*(SQRT((0.125*0.125)+((1/H$7)*(1/H$7)))+$C$6)) -> 5.6618725 | I22: =2*I$7*(2*(SQRT((0.125*0.125)+((1/I$7)*(1/I$7)))+$C$6)) -> 6.1338583 | J22: =2*J$7*(2*(SQRT((0.125*0.125)+((1/J$7)*(1/J$7)))+$C$6)) -> 6.6379076 | K22: =2*K$7*(2*(SQRT((0.125*0.125)+((1/K$7)*(1/K$7)))+$C$6)) -> 7.1686653 | L22: =2*L$7*(2*(SQRT((0.125*0.125)+((1/L$7)*(1/L$7)))+$C$6)) -> 7.7215847 | M22: =2*M$7*(2*(SQRT((0.125*0.125)+((1/M$7)*(1/M$7)))+$C$6)) -> 8.292888 | N22: =2*N$7*(2*(SQRT((0.125*0.125)+((1/N$7)*(1/N$7)))+$C$6)) -> 8.8794754 | O22: =2*O$7*(2*(SQRT((0.125*0.125)+((1/O$7)*(1/O$7)))+$C$6)) -> 9.4788191 | ... AA22: =2*AA$7*(2*(SQRT((0.125*0.125)+((1/AA$7)*(1/AA$7)))+$C$6)) -> 17.184544
A23: 16 | B23: ='Stitch Library'!B21 -> 406 1/8"m Btm Cover | H23: =7+(2*H$7*(2*$C$6+0.125)) -> 9.1948819 | I23: =7+(2*I$7*(2*$C$6+0.125)) -> 9.6338583 | J23: =7+(2*J$7*(2*$C$6+0.125)) -> 10.072835 | K23: =7+(2*K$7*(2*$C$6+0.125)) -> 10.511811 | L23: =7+(2*L$7*(2*$C$6+0.125)) -> 10.950787 | M23: =7+(2*M$7*(2*$C$6+0.125)) -> 11.389764 | N23: =7+(2*N$7*(2*$C$6+0.125)) -> 11.82874 | O23: =7+(2*O$7*(2*$C$6+0.125)) -> 12.267717 | ... AA23: =7+(2*AA$7*(2*$C$6+0.125)) -> 17.535433
A24: 17 | B24: ='Stitch Library'!B22 -> 406 3/16" Btm Cover | H24: =7+(2*H$7*(2*$C$6+0.188)) -> 9.8248819 | I24: =7+(2*I$7*(2*$C$6+0.188)) -> 10.389858 | J24: =7+(2*J$7*(2*$C$6+0.188)) -> 10.954835 | K24: =7+(2*K$7*(2*$C$6+0.188)) -> 11.519811 | L24: =7+(2*L$7*(2*$C$6+0.188)) -> 12.084787 | M24: =7+(2*M$7*(2*$C$6+0.188)) -> 12.649764 | N24: =7+(2*N$7*(2*$C$6+0.188)) -> 13.21474 | O24: =7+(2*O$7*(2*$C$6+0.188)) -> 13.779717 | ... AA24: =7+(2*AA$7*(2*$C$6+0.188)) -> 20.559433
A25: 18 | B25: ='Stitch Library'!B23 -> 406 1/4" Btm Cover | H25: =7+(2*H$7*(2*$C$6+0.25)) -> 10.444882 | I25: =7+(2*I$7*(2*$C$6+0.25)) -> 11.133858 | J25: =7+(2*J$7*(2*$C$6+0.25)) -> 11.822835 | K25: =7+(2*K$7*(2*$C$6+0.25)) -> 12.511811 | L25: =7+(2*L$7*(2*$C$6+0.25)) -> 13.200787 | M25: =7+(2*M$7*(2*$C$6+0.25)) -> 13.889764 | N25: =7+(2*N$7*(2*$C$6+0.25)) -> 14.57874 | O25: =7+(2*O$7*(2*$C$6+0.25)) -> 15.267717 | ... AA25: =7+(2*AA$7*(2*$C$6+0.25)) -> 23.535433
A26: 19 | B26: ='Stitch Library'!B24 -> 407 3Ndl Btm Cover | H26: =9+2*H$7*(3*$C$6+0.25) -> 12.917323 | I26: =9+2*I$7*(3*$C$6+0.25) -> 13.700787 | J26: =9+2*J$7*(3*$C$6+0.25) -> 14.484252 | K26: =9+2*K$7*(3*$C$6+0.25) -> 15.267717 | L26: =9+2*L$7*(3*$C$6+0.25) -> 16.051181 | M26: =9+2*M$7*(3*$C$6+0.25) -> 16.834646 | N26: =9+2*N$7*(3*$C$6+0.25) -> 17.61811 | O26: =9+2*O$7*(3*$C$6+0.25) -> 18.401575 | ... AA26: =9+2*AA$7*(3*$C$6+0.25) -> 27.80315
A27: 20 | B27: ='Stitch Library'!B25 -> 408 Pkt Facings | H27: 15.35 | I27: 16.82 | J27: 18.29 | K27: 19.76 | L27: 21.23 | M27: 22.7 | N27: 24.17 | O27: 25.64 | P27: 27.11 | Q27: 28.58 | R27: 30.05 | S27: 31.52 | T27: 32.99 | U27: 34.46 | V27: 35.93 | W27: 37.4 | X27: 38.87 | Y27: 40.34 | Z27: 41.81 | AA27: 43.28
A28: 21 | B28: ='Stitch Library'!B26 -> 411 Picoetta Stitch | E28: 6.0472441 | F28: 9.0708661 | G28: 12.094488 | H28: 15.11811
A29: 22 | B29: ='Stitch Library'!B27 -> 503 1/8" 2Thd Serge | H29: =4*(H$7*(0.125+$C$6))+2 -> 5.4448819 | I29: =4*(I$7*(0.125+$C$6))+2 -> 6.1338583 | J29: =4*(J$7*(0.125+$C$6))+2 -> 6.8228346 | K29: =4*(K$7*(0.125+$C$6))+2 -> 7.511811 | L29: =4*(L$7*(0.125+$C$6))+2 -> 8.2007874 | M29: =4*(M$7*(0.125+$C$6))+2 -> 8.8897638 | N29: =4*(N$7*(0.125+$C$6))+2 -> 9.5787402 | O29: =4*(O$7*(0.125+$C$6))+2 -> 10.267717 | ... AA29: =4*(AA$7*(0.125+$C$6))+2 -> 18.535433
A30: 23 | B30: ='Stitch Library'!B28 -> 503 3/16" 2 Thd Serge | H30: =4*(H$7*(0.188+$C$6))+2 -> 6.7048819 | I30: =4*(I$7*(0.188+$C$6))+2 -> 7.6458583 | J30: =4*(J$7*(0.188+$C$6))+2 -> 8.5868346 | K30: =4*(K$7*(0.188+$C$6))+2 -> 9.527811 | L30: =4*(L$7*(0.188+$C$6))+2 -> 10.468787 | M30: =4*(M$7*(0.188+$C$6))+2 -> 11.409764 | N30: =4*(N$7*(0.188+$C$6))+2 -> 12.35074 | O30: =4*(O$7*(0.188+$C$6))+2 -> 13.291717 | ... AA30: =4*(AA$7*(0.188+$C$6))+2 -> 24.583433
A31: 24 | B31: ='Stitch Library'!B29 -> 503 1/4" 2 Thd Serge | H31: =4*(H$7*(0.25+$C$6))+2 -> 7.9448819 | I31: =4*(I$7*(0.25+$C$6))+2 -> 9.1338583 | J31: =4*(J$7*(0.25+$C$6))+2 -> 10.322835 | K31: =4*(K$7*(0.25+$C$6))+2 -> 11.511811 | L31: =4*(L$7*(0.25+$C$6))+2 -> 12.700787 | M31: =4*(M$7*(0.25+$C$6))+2 -> 13.889764 | N31: =4*(N$7*(0.25+$C$6))+2 -> 15.07874 | O31: =4*(O$7*(0.25+$C$6))+2 -> 16.267717 | ... AA31: =4*(AA$7*(0.25+$C$6))+2 -> 30.535433
A32: 25 | B32: ='Stitch Library'!B30 -> 504 1/8" 1 Ndl Overedge | H32: =4*(H$7*(0.125+$C$6))+5 -> 8.4448819 | I32: =4*(I$7*(0.125+$C$6))+5 -> 9.1338583 | J32: =4*(J$7*(0.125+$C$6))+5 -> 9.8228346 | K32: =4*(K$7*(0.125+$C$6))+5 -> 10.511811 | L32: =4*(L$7*(0.125+$C$6))+5 -> 11.200787 | M32: =4*(M$7*(0.125+$C$6))+5 -> 11.889764 | N32: =4*(N$7*(0.125+$C$6))+5 -> 12.57874 | O32: =4*(O$7*(0.125+$C$6))+5 -> 13.267717 | ... AA32: =4*(AA$7*(0.125+$C$6))+5 -> 21.535433
A33: 26 | B33: ='Stitch Library'!B31 -> 504 3/16" 1 Ndl Overedge | H33: =4*(H$7*(0.188+$C$6))+5 -> 9.7048819 | I33: =4*(I$7*(0.188+$C$6))+5 -> 10.645858 | J33: =4*(J$7*(0.188+$C$6))+5 -> 11.586835 | K33: =4*(K$7*(0.188+$C$6))+5 -> 12.527811 | L33: =4*(L$7*(0.188+$C$6))+5 -> 13.468787 | M33: =4*(M$7*(0.188+$C$6))+5 -> 14.409764 | N33: =4*(N$7*(0.188+$C$6))+5 -> 15.35074 | O33: =4*(O$7*(0.188+$C$6))+5 -> 16.291717 | ... AA33: =4*(AA$7*(0.188+$C$6))+5 -> 27.583433
A34: 27 | B34: ='Stitch Library'!B32 -> 504 1/4" 1 Ndl Overedge | H34: =4*(H$7*(0.25+$C$6))+5 -> 10.944882 | I34: =4*(I$7*(0.25+$C$6))+5 -> 12.133858 | J34: =4*(J$7*(0.25+$C$6))+5 -> 13.322835 | K34: =4*(K$7*(0.25+$C$6))+5 -> 14.511811 | L34: =4*(L$7*(0.25+$C$6))+5 -> 15.700787 | M34: =4*(M$7*(0.25+$C$6))+5 -> 16.889764 | N34: =4*(N$7*(0.25+$C$6))+5 -> 18.07874 | O34: =4*(O$7*(0.25+$C$6))+5 -> 19.267717 | ... AA34: =4*(AA$7*(0.25+$C$6))+5 -> 33.535433
A35: 28 | B35: ='Stitch Library'!B33 -> 512 (3/16) 2 Ndl Overedge | H35: =5+6*(H$7*$C$6)+2.18*(0.188*H$7) -> 8.4665228 | I35: =5+6*(I$7*$C$6)+2.18*(0.188*I$7) -> 9.1598274 | J35: =5+6*(J$7*$C$6)+2.18*(0.188*J$7) -> 9.853132 | K35: =5+6*(K$7*$C$6)+2.18*(0.188*K$7) -> 10.546437 | L35: =5+6*(L$7*$C$6)+2.18*(0.188*L$7) -> 11.239741 | M35: =5+6*(M$7*$C$6)+2.18*(0.188*M$7) -> 11.933046 | N35: =5+6*(N$7*$C$6)+2.18*(0.188*N$7) -> 12.62635 | O35: =5+6*(O$7*$C$6)+2.18*(0.188*O$7) -> 13.319655 | ... AA35: =5+6*(AA$7*$C$6)+2.18*(0.188*AA$7) -> 21.63931
A36: 29 | B36: ='Stitch Library'!B34 -> 512 (1/4) 2 Ndl Overedge | H36: =5+6*(H$7*$C$6)+2.18*(0.25*H$7) -> 9.1423228 | I36: =5+6*(I$7*$C$6)+2.18*(0.25*I$7) -> 9.9707874 | J36: =5+6*(J$7*$C$6)+2.18*(0.25*J$7) -> 10.799252 | K36: =5+6*(K$7*$C$6)+2.18*(0.25*K$7) -> 11.627717 | L36: =5+6*(L$7*$C$6)+2.18*(0.25*L$7) -> 12.456181 | M36: =5+6*(M$7*$C$6)+2.18*(0.25*M$7) -> 13.284646 | N36: =5+6*(N$7*$C$6)+2.18*(0.25*N$7) -> 14.11311 | O36: =5+6*(O$7*$C$6)+2.18*(0.25*O$7) -> 14.941575 | ... AA36: =5+6*(AA$7*$C$6)+2.18*(0.25*AA$7) -> 24.88315
A37: 30 | B37: ='Stitch Library'!B35 -> 512 (5/16) 2 Ndl Overedge | H37: =5+6*(H$7*$C$6)+2.18*(0.313*H$7) -> 9.8290228 | I37: =5+6*(I$7*$C$6)+2.18*(0.313*I$7) -> 10.794827 | J37: =5+6*(J$7*$C$6)+2.18*(0.313*J$7) -> 11.760632 | K37: =5+6*(K$7*$C$6)+2.18*(0.313*K$7) -> 12.726437 | L37: =5+6*(L$7*$C$6)+2.18*(0.313*L$7) -> 13.692241 | M37: =5+6*(M$7*$C$6)+2.18*(0.313*M$7) -> 14.658046 | N37: =5+6*(N$7*$C$6)+2.18*(0.313*N$7) -> 15.62385 | O37: =5+6*(O$7*$C$6)+2.18*(0.313*O$7) -> 16.589655 | ... AA37: =5+6*(AA$7*$C$6)+2.18*(0.313*AA$7) -> 28.17931
A38: 31 | B38: ='Stitch Library'!B36 -> 514 (3/16") 2 Ndl Overedge | H38: =5+6*(H$7*$C$6)+4*(0.188*H$7) -> 10.177323 | I38: =5+6*(I$7*$C$6)+4*(0.188*I$7) -> 11.212787 | J38: =5+6*(J$7*$C$6)+4*(0.188*J$7) -> 12.248252 | K38: =5+6*(K$7*$C$6)+4*(0.188*K$7) -> 13.283717 | L38: =5+6*(L$7*$C$6)+4*(0.188*L$7) -> 14.319181 | M38: =5+6*(M$7*$C$6)+4*(0.188*M$7) -> 15.354646 | N38: =5+6*(N$7*$C$6)+4*(0.188*N$7) -> 16.39011 | O38: =5+6*(O$7*$C$6)+4*(0.188*O$7) -> 17.425575 | ... AA38: =5+6*(AA$7*$C$6)+4*(0.188*AA$7) -> 29.85115
A39: 32 | B39: ='Stitch Library'!B37 -> 514 (1/4") 2 Ndl Overedge | H39: =5+6*(H$7*$C$6)+4*(0.25*H$7) -> 11.417323 | I39: =5+6*(I$7*$C$6)+4*(0.25*I$7) -> 12.700787 | J39: =5+6*(J$7*$C$6)+4*(0.25*J$7) -> 13.984252 | K39: =5+6*(K$7*$C$6)+4*(0.25*K$7) -> 15.267717 | L39: =5+6*(L$7*$C$6)+4*(0.25*L$7) -> 16.551181 | M39: =5+6*(M$7*$C$6)+4*(0.25*M$7) -> 17.834646 | N39: =5+6*(N$7*$C$6)+4*(0.25*N$7) -> 19.11811 | O39: =5+6*(O$7*$C$6)+4*(0.25*O$7) -> 20.401575 | ... AA39: =5+6*(AA$7*$C$6)+4*(0.25*AA$7) -> 35.80315
A40: 33 | B40: ='Stitch Library'!B38 -> 514 (5/16") 2 Ndl Overedge | H40: =5+6*(H$7*$C$6)+4*(0.313*H$7) -> 12.677323 | I40: =5+6*(I$7*$C$6)+4*(0.313*I$7) -> 14.212787 | J40: =5+6*(J$7*$C$6)+4*(0.313*J$7) -> 15.748252 | K40: =5+6*(K$7*$C$6)+4*(0.313*K$7) -> 17.283717 | L40: =5+6*(L$7*$C$6)+4*(0.313*L$7) -> 18.819181 | M40: =5+6*(M$7*$C$6)+4*(0.313*M$7) -> 20.354646 | N40: =5+6*(N$7*$C$6)+4*(0.313*N$7) -> 21.89011 | O40: =5+6*(O$7*$C$6)+4*(0.313*O$7) -> 23.425575 | ... AA40: =5+6*(AA$7*$C$6)+4*(0.313*AA$7) -> 41.85115
A41: 34 | B41: ='Stitch Library'!B39 -> 515/401 Safetystitch Chain | H41: =H21 -> 4.4724409 | I41: =I21 -> 4.5669291 | J41: =J21 -> 4.6614173 | K41: =K21 -> 4.7559055 | L41: =L21 -> 4.8503937 | M41: =M21 -> 4.9448819 | N41: =N21 -> 5.0393701 | O41: =O21 -> 5.1338583 | ... AA41: =AA21 -> 6.2677165
A42: 35 | B42: ='Stitch Library'!B40 -> 515/503 SafetyS Overedge | H42: =H30 -> 6.7048819 | I42: =I30 -> 7.6458583 | J42: =J30 -> 8.5868346 | K42: =K30 -> 9.527811 | L42: =L30 -> 10.468787 | M42: =M30 -> 11.409764 | N42: =N30 -> 12.35074 | O42: =O30 -> 13.291717 | ... AA42: =AA30 -> 24.583433
A43: 36 | B43: ='Stitch Library'!B41 -> 515 /Both Safetystitch | H43: =H21+H30 -> 11.177323 | I43: =I21+I30 -> 12.212787 | J43: =J21+J30 -> 13.248252 | K43: =K21+K30 -> 14.283717 | L43: =L21+L30 -> 15.319181 | M43: =M21+M30 -> 16.354646 | N43: =N21+N30 -> 17.39011 | O43: =O21+O30 -> 18.425575 | ... AA43: =AA21+AA30 -> 30.85115
A44: 37 | B44: ='Stitch Library'!B42 -> 516 / 401 SafetyS Chain | H44: =H21 -> 4.4724409 | I44: =I21 -> 4.5669291 | J44: =J21 -> 4.6614173 | K44: =K21 -> 4.7559055 | L44: =L21 -> 4.8503937 | M44: =M21 -> 4.9448819 | N44: =N21 -> 5.0393701 | O44: =O21 -> 5.1338583 | ... AA44: =AA21 -> 6.2677165
A45: 38 | B45: ='Stitch Library'!B43 -> 516 / 504 SafetyS Overedge | H45: =H34 -> 10.944882 | I45: =I34 -> 12.133858 | J45: =J34 -> 13.322835 | K45: =K34 -> 14.511811 | L45: =L34 -> 15.700787 | M45: =M34 -> 16.889764 | N45: =N34 -> 18.07874 | O45: =O34 -> 19.267717 | ... AA45: =AA34 -> 33.535433
A46: 39 | B46: ='Stitch Library'!B44 -> 516 /Both Safetystitch | H46: =H44+H45 -> 15.417323 | I46: =I44+I45 -> 16.700787 | J46: =J44+J45 -> 17.984252 | K46: =K44+K45 -> 19.267717 | L46: =L44+L45 -> 20.551181 | M46: =M44+M45 -> 21.834646 | N46: =N44+N45 -> 23.11811 | O46: =O44+O45 -> 24.401575 | ... AA46: =AA44+AA45 -> 39.80315
A47: 40 | B47: ='Stitch Library'!B45 -> 517 / 301 SafetyS Lockstitch | H47: =2+2*($C$6*H$7) -> 2.4724409 | I47: =2+2*($C$6*I$7) -> 2.5669291 | J47: =2+2*($C$6*J$7) -> 2.6614173 | K47: =2+2*($C$6*K$7) -> 2.7559055 | L47: =2+2*($C$6*L$7) -> 2.8503937 | M47: =2+2*($C$6*M$7) -> 2.9448819 | N47: =2+2*($C$6*N$7) -> 3.0393701 | O47: =2+2*($C$6*O$7) -> 3.1338583 | ... AA47: =2+2*($C$6*AA$7) -> 4.2677165
A48: 41 | B48: ='Stitch Library'!B46 -> 517 / 504 SafetyS Overedge | H48: =4*(H$7*(0.188+$C$6))+5 -> 9.7048819 | I48: =4*(I$7*(0.188+$C$6))+5 -> 10.645858 | J48: =4*(J$7*(0.188+$C$6))+5 -> 11.586835 | K48: =4*(K$7*(0.188+$C$6))+5 -> 12.527811 | L48: =4*(L$7*(0.188+$C$6))+5 -> 13.468787 | M48: =4*(M$7*(0.188+$C$6))+5 -> 14.409764 | N48: =4*(N$7*(0.188+$C$6))+5 -> 15.35074 | O48: =4*(O$7*(0.188+$C$6))+5 -> 16.291717 | ... AA48: =4*(AA$7*(0.188+$C$6))+5 -> 27.583433
A49: 42 | B49: ='Stitch Library'!B47 -> 524 (3/16") / 401 & 514 Stitch | H49: =H21+H38 -> 14.649764 | I49: =I21+I38 -> 15.779717 | J49: =J21+J38 -> 16.909669 | K49: =K21+K38 -> 18.039622 | L49: =L21+L38 -> 19.169575 | M49: =M21+M38 -> 20.299528 | N49: =N21+N38 -> 21.42948 | O49: =O21+O38 -> 22.559433 | ... AA49: =AA21+AA38 -> 36.118866
A50: 43 | B50: ='Stitch Library'!B48 -> 524 (1/4") / 401 & 514 Stitch | H50: =H21+H39 -> 15.889764 | I50: =I21+I39 -> 17.267717 | J50: =J21+J39 -> 18.645669 | K50: =K21+K39 -> 20.023622 | L50: =L21+L39 -> 21.401575 | M50: =M21+M39 -> 22.779528 | N50: =N21+N39 -> 24.15748 | O50: =O21+O39 -> 25.535433 | ... AA50: =AA21+AA39 -> 42.070866
A51: 44 | B51: ='Stitch Library'!B49 -> 524 (5/16") / 401 & 514 Stitch | H51: =H21+H40 -> 17.149764 | I51: =I21+I40 -> 18.779717 | J51: =J21+J40 -> 20.409669 | K51: =K21+K40 -> 22.039622 | L51: =L21+L40 -> 23.669575 | M51: =M21+M40 -> 25.299528 | N51: =N21+N40 -> 26.92948 | O51: =O21+O40 -> 28.559433 | ... AA51: =AA21+AA40 -> 48.118866
A52: 45 | B52: ='Stitch Library'!B50 -> 602 1/8" 2 Ndl Coverstitch | H52: =8+(H$7*(5*0.125)+(4*$C$6)) -> 11.313976 | I52: =8+(I$7*(5*0.125)+(4*$C$6)) -> 11.938976 | J52: =8+(J$7*(5*0.125)+(4*$C$6)) -> 12.563976 | K52: =8+(K$7*(5*0.125)+(4*$C$6)) -> 13.188976 | L52: =8+(L$7*(5*0.125)+(4*$C$6)) -> 13.813976 | M52: =8+(M$7*(5*0.125)+(4*$C$6)) -> 14.438976 | N52: =8+(N$7*(5*0.125)+(4*$C$6)) -> 15.063976 | O52: =8+(O$7*(5*0.125)+(4*$C$6)) -> 15.688976 | ... AA52: =8+(AA$7*(5*0.125)+(4*$C$6)) -> 23.188976
A53: 46 | B53: ='Stitch Library'!B51 -> 602 3/16"m 2 Ndl Coverstitch | H53: =8+(H$7*(5*0.188)+(4*$C$6)) -> 12.888976 | I53: =8+(I$7*(5*0.188)+(4*$C$6)) -> 13.828976 | J53: =8+(J$7*(5*0.188)+(4*$C$6)) -> 14.768976 | K53: =8+(K$7*(5*0.188)+(4*$C$6)) -> 15.708976 | L53: =8+(L$7*(5*0.188)+(4*$C$6)) -> 16.648976 | M53: =8+(M$7*(5*0.188)+(4*$C$6)) -> 17.588976 | N53: =8+(N$7*(5*0.188)+(4*$C$6)) -> 18.528976 | O53: =8+(O$7*(5*0.188)+(4*$C$6)) -> 19.468976 | ... AA53: =8+(AA$7*(5*0.188)+(4*$C$6)) -> 30.748976
A54: 47 | B54: ='Stitch Library'!B52 -> 602 1/4" 2 Ndl Coverstitch | H54: =8+(H$7*(5*0.25)+(4*$C$6)) -> 14.438976 | I54: =8+(I$7*(5*0.25)+(4*$C$6)) -> 15.688976 | J54: =8+(J$7*(5*0.25)+(4*$C$6)) -> 16.938976 | K54: =8+(K$7*(5*0.25)+(4*$C$6)) -> 18.188976 | L54: =8+(L$7*(5*0.25)+(4*$C$6)) -> 19.438976 | M54: =8+(M$7*(5*0.25)+(4*$C$6)) -> 20.688976 | N54: =8+(N$7*(5*0.25)+(4*$C$6)) -> 21.938976 | O54: =8+(O$7*(5*0.25)+(4*$C$6)) -> 23.188976 | ... AA54: =8+(AA$7*(5*0.25)+(4*$C$6)) -> 38.188976
A55: 48 | B55: ='Stitch Library'!B53 -> 605 3 Ndl Coverstitch | H55: =10+(2*(H$7*((2*0.25)+(3*$C$6)))) -> 16.417323 | I55: =10+(2*(I$7*((2*0.25)+(3*$C$6)))) -> 17.700787 | J55: =10+(2*(J$7*((2*0.25)+(3*$C$6)))) -> 18.984252 | K55: =10+(2*(K$7*((2*0.25)+(3*$C$6)))) -> 20.267717 | L55: =10+(2*(L$7*((2*0.25)+(3*$C$6)))) -> 21.551181 | M55: =10+(2*(M$7*((2*0.25)+(3*$C$6)))) -> 22.834646 | N55: =10+(2*(N$7*((2*0.25)+(3*$C$6)))) -> 24.11811 | O55: =10+(2*(O$7*((2*0.25)+(3*$C$6)))) -> 25.401575 | ... AA55: =10+(2*(AA$7*((2*0.25)+(3*$C$6)))) -> 40.80315
A56: 49 | B56: ='Stitch Library'!B54 -> 607 4 Ndl Coverstitch | H56: =12+4*H$7*((0.25)+(2*$C$6)) -> 18.889764 | I56: =12+4*I$7*((0.25)+(2*$C$6)) -> 20.267717 | J56: =12+4*J$7*((0.25)+(2*$C$6)) -> 21.645669 | K56: =12+4*K$7*((0.25)+(2*$C$6)) -> 23.023622 | L56: =12+4*L$7*((0.25)+(2*$C$6)) -> 24.401575 | M56: =12+4*M$7*((0.25)+(2*$C$6)) -> 25.779528 | N56: =12+4*N$7*((0.25)+(2*$C$6)) -> 27.15748 | O56: =12+4*O$7*((0.25)+(2*$C$6)) -> 28.535433 | ... AA56: =12+4*AA$7*((0.25)+(2*$C$6)) -> 45.070866
A57: 50 | B57: ='Stitch Library'!B55 -> Bartack 3/8" | D57: 13
A58: 51 | B58: ='Stitch Library'!B56 -> Bartack 1/2" | D58: 17
A59: 52 | B59: ='Stitch Library'!B57 -> Bartack 3/4" | D59: 24
A60: 53 | B60: ='Stitch Library'!B58 -> BS 2 hole | D60: 4
A61: 54 | B61: ='Stitch Library'!B59 -> BS 4 hole | D61: 8
A62: 55 | B62: ='Stitch Library'!B60 -> BH 5/8" | D62: 25
A63: 56 | B63: ='Stitch Library'!B61 -> BH Gimp 5/8" | D63: 4
A64: 57 | B64: ='Stitch Library'!B62 -> BH 3/4" | D64: 30
A65: 58 | B65: ='Stitch Library'!B63 -> BH Gimp 3/4" | D65: 5
A66: 59 | B66: ='Stitch Library'!B64 -> BH 1" | D66: 39
A67: 60 | B67: ='Stitch Library'!B65 -> BH Gimp 1" | D67: 8
A68: 61 | B68: ='Stitch Library'!B66 -> Embroidery = 350 | D68: 313
... A75: 68 | B75: ='Stitch Library'!B73 -> Cap Eyelet Stitch (5/16") | D75: 90
A79: MEDIUM WEIGHT BLOCK
B80: Seam thickness (mm) – from Setup | C80: =Setup!$C$15 -> 1.9
B81: Seam thickness (inch) = t | C81: =C80/25.4 -> 0.07480315
A82: # | B82: Stitch type \ SPI → | D82: 1 | E82: 2 | F82: 3 | G82: 4 | H82: 5 | I82: 6 | J82: 7 | K82: 8 | L82: 9 | M82: 10 | N82: 11 | O82: 12 | P82: 13 | Q82: 14 | R82: 15 | S82: 16 | T82: 17 | U82: 18 | V82: 19 | W82: 20 | X82: 21 | Y82: 22 | Z82: 23 | AA82: 24
A83: 1 | B83: ='Stitch Library'!B6 -> 103 Blindstitch | F83: 3.42 | G83: 3.56 | H83: 3.7 | I83: 3.84 | J83: 3.98 | K83: 4.12 | L83: 4.26 | M83: 4.4
A84: 2 | B84: ='Stitch Library'!B7 -> 108 (1.2mm) Saddlestitch | E84: =E$82*((4*$C$81)+(2*0.048)+(3*(1/E$82))) -> 3.7904252 | F84: =F$82*((4*$C$81)+(2*0.048)+(3*(1/F$82))) -> 4.1856378 | G84: =G$82*((4*$C$81)+(2*0.048)+(3*(1/G$82))) -> 4.5808504 | H84: =H$82*((4*$C$81)+(2*0.048)+(3*(1/H$82))) -> 4.976063 | I84: =I$82*((4*$C$81)+(2*0.048)+(3*(1/I$82))) -> 5.3712756 | J84: =J$82*((4*$C$81)+(2*0.048)+(3*(1/J$82))) -> 5.7664882 | K84: =K$82*((4*$C$81)+(2*0.048)+(3*(1/K$82))) -> 6.1617008 | L84: =L$82*((4*$C$81)+(2*0.048)+(3*(1/L$82))) -> 6.5569134 | M84: =M$82*((4*$C$81)+(2*0.048)+(3*(1/M$82))) -> 6.952126
A85: 3 | B85: ='Stitch Library'!B8 -> 108 (3mm) Saddlestitch | E85: =E$82*((4*$C$81)+(2*0.12)+(3*(1/E$82))) -> 4.0784252 | F85: =F$82*((4*$C$81)+(2*0.12)+(3*(1/F$82))) -> 4.6176378 | G85: =G$82*((4*$C$81)+(2*0.12)+(3*(1/G$82))) -> 5.1568504 | H85: =H$82*((4*$C$81)+(2*0.12)+(3*(1/H$82))) -> 5.696063 | I85: =I$82*((4*$C$81)+(2*0.12)+(3*(1/I$82))) -> 6.2352756 | J85: =J$82*((4*$C$81)+(2*0.12)+(3*(1/J$82))) -> 6.7744882 | K85: =K$82*((4*$C$81)+(2*0.12)+(3*(1/K$82))) -> 7.3137008 | L85: =L$82*((4*$C$81)+(2*0.12)+(3*(1/L$82))) -> 7.8529134 | M85: =M$82*((4*$C$81)+(2*0.12)+(3*(1/M$82))) -> 8.392126
A86: 4 | B86: ='Stitch Library'!B9 -> 108 (5mm) Saddlestitch | E86: =E$82*((4*$C$81)+(2*0.2)+(3*(1/E$82))) -> 4.3984252 | F86: =F$82*((4*$C$81)+(2*0.2)+(3*(1/F$82))) -> 5.0976378 | G86: =G$82*((4*$C$81)+(2*0.2)+(3*(1/G$82))) -> 5.7968504 | H86: =H$82*((4*$C$81)+(2*0.2)+(3*(1/H$82))) -> 6.496063 | I86: =I$82*((4*$C$81)+(2*0.2)+(3*(1/I$82))) -> 7.1952756 | J86: =J$82*((4*$C$81)+(2*0.2)+(3*(1/J$82))) -> 7.8944882 | K86: =K$82*((4*$C$81)+(2*0.2)+(3*(1/K$82))) -> 8.5937008 | L86: =L$82*((4*$C$81)+(2*0.2)+(3*(1/L$82))) -> 9.2929134 | M86: =M$82*((4*$C$81)+(2*0.2)+(3*(1/M$82))) -> 9.992126
A87: 5 | B87: ='Stitch Library'!B10 -> 201 Saddle Stitch | H87: =1+1*($C$81*H$82) -> 1.3740157 | I87: =1+1*($C$81*I$82) -> 1.4488189 | J87: =1+1*($C$81*J$82) -> 1.523622 | K87: =1+1*($C$81*K$82) -> 1.5984252 | L87: =1+1*($C$81*L$82) -> 1.6732283 | M87: =1+1*($C$81*M$82) -> 1.7480315 | N87: =1+1*($C$81*N$82) -> 1.8228346 | O87: =1+1*($C$81*O$82) -> 1.8976378 | ... AA87: =1+1*($C$81*AA$82) -> 2.7952756
A88: 6 | B88: ='Stitch Library'!B11 -> 101 Single Needle Chain | F88: =3+2*($C$81*F$82) -> 3.4488189 | G88: =3+2*($C$81*G$82) -> 3.5984252 | H88: =3+2*($C$81*H$82) -> 3.7480315 | I88: =3+2*($C$81*I$82) -> 3.8976378 | J88: =3+2*($C$81*J$82) -> 4.0472441 | K88: =3+2*($C$81*K$82) -> 4.1968504 | L88: =3+2*($C$81*L$82) -> 4.3464567 | M88: =3+2*($C$81*M$82) -> 4.496063 | ... AA88: =3+2*($C$81*AA$82) -> 6.5905512
A89: 7 | B89: ='Stitch Library'!B12 -> 301 Lockstitch | E89: 2.3 | F89: 2.45 | G89: 2.6 | H89: =2+2*($C$81*H$82) -> 2.7480315 | I89: =2+2*($C$81*I$82) -> 2.8976378 | J89: =2+2*($C$81*J$82) -> 3.0472441 | K89: =2+2*($C$81*K$82) -> 3.1968504 | L89: =2+2*($C$81*L$82) -> 3.3464567 | M89: =2+2*($C$81*M$82) -> 3.496063 | N89: =2+2*($C$81*N$82) -> 3.6456693 | O89: =2+2*($C$81*O$82) -> 3.7952756 | ... AA89: =2+2*($C$81*AA$82) -> 5.5905512
A90: 8 | B90: ='Stitch Library'!B13 -> 304 1/8" ZigZag | H90: =2*H$82*(SQRT((0.125*0.125)+($C$81*$C$81))+$C$81) -> 2.2047577 | I90: =2*I$82*(SQRT((0.125*0.125)+($C$81*$C$81))+$C$81) -> 2.6457092 | J90: =2*J$82*(SQRT((0.125*0.125)+($C$81*$C$81))+$C$81) -> 3.0866607 | K90: =2*K$82*(SQRT((0.125*0.125)+($C$81*$C$81))+$C$81) -> 3.5276123 | L90: =2*L$82*(SQRT((0.125*0.125)+($C$81*$C$81))+$C$81) -> 3.9685638 | M90: =2*M$82*(SQRT((0.125*0.125)+($C$81*$C$81))+$C$81) -> 4.4095153 | N90: =2*N$82*(SQRT((0.125*0.125)+($C$81*$C$81))+$C$81) -> 4.8504669 | O90: =2*O$82*(SQRT((0.125*0.125)+($C$81*$C$81))+$C$81) -> 5.2914184 | ... AA90: =2*AA$82*(SQRT((0.125*0.125)+($C$81*$C$81))+$C$81) -> 10.582837
A91: 9 | B91: ='Stitch Library'!B14 -> 304 3/16"m ZigZag | H91: =2*H$82*(SQRT((0.188*0.188)+($C$81*$C$81))+$C$81) -> 2.771383 | I91: =2*I$82*(SQRT((0.188*0.188)+($C$81*$C$81))+$C$81) -> 3.3256595 | J91: =2*J$82*(SQRT((0.188*0.188)+($C$81*$C$81))+$C$81) -> 3.8799361 | K91: =2*K$82*(SQRT((0.188*0.188)+($C$81*$C$81))+$C$81) -> 4.4342127 | L91: =2*L$82*(SQRT((0.188*0.188)+($C$81*$C$81))+$C$81) -> 4.9884893 | M91: =2*M$82*(SQRT((0.188*0.188)+($C$81*$C$81))+$C$81) -> 5.5427659 | N91: =2*N$82*(SQRT((0.188*0.188)+($C$81*$C$81))+$C$81) -> 6.0970425 | O91: =2*O$82*(SQRT((0.188*0.188)+($C$81*$C$81))+$C$81) -> 6.6513191 | ... AA91: =2*AA$82*(SQRT((0.188*0.188)+($C$81*$C$81))+$C$81) -> 13.302638
A92: 10 | B92: ='Stitch Library'!B15 -> 304 1/4" ZigZag | H92: =2*H$82*(SQRT((0.25*0.25)+($C$81*$C$81))+$C$81) -> 3.3575432 | I92: =2*I$82*(SQRT((0.25*0.25)+($C$81*$C$81))+$C$81) -> 4.0290518 | J92: =2*J$82*(SQRT((0.25*0.25)+($C$81*$C$81))+$C$81) -> 4.7005604 | K92: =2*K$82*(SQRT((0.25*0.25)+($C$81*$C$81))+$C$81) -> 5.3720691 | L92: =2*L$82*(SQRT((0.25*0.25)+($C$81*$C$81))+$C$81) -> 6.0435777 | M92: =2*M$82*(SQRT((0.25*0.25)+($C$81*$C$81))+$C$81) -> 6.7150863 | N92: =2*N$82*(SQRT((0.25*0.25)+($C$81*$C$81))+$C$81) -> 7.3865949 | O92: =2*O$82*(SQRT((0.25*0.25)+($C$81*$C$81))+$C$81) -> 8.0581036 | ... AA92: =2*AA$82*(SQRT((0.25*0.25)+($C$81*$C$81))+$C$81) -> 16.116207
A93: 11 | B93: ='Stitch Library'!B16 -> 308 (2) Step Zig Zag | F93: =2*F$82*(SQRT((0.188*0.188)+($C$81*$C$81))+(3*$C$81)) -> 2.5604676 | G93: =2*G$82*(SQRT((0.188*0.188)+($C$81*$C$81))+(3*$C$81)) -> 3.4139568 | H93: =2*H$82*(SQRT((0.188*0.188)+($C$81*$C$81))+(3*$C$81)) -> 4.2674459 | I93: =2*I$82*(SQRT((0.188*0.188)+($C$81*$C$81))+(3*$C$81)) -> 5.1209351 | J93: =2*J$82*(SQRT((0.188*0.188)+($C$81*$C$81))+(3*$C$81)) -> 5.9744243 | K93: =2*K$82*(SQRT((0.188*0.188)+($C$81*$C$81))+(3*$C$81)) -> 6.8279135 | L93: =2*L$82*(SQRT((0.188*0.188)+($C$81*$C$81))+(3*$C$81)) -> 7.6814027 | M93: =2*M$82*(SQRT((0.188*0.188)+($C$81*$C$81))+(3*$C$81)) -> 8.5348919
A94: 12 | B94: ='Stitch Library'!B17 -> 315 (3) Step Zig Zag | F94: =2*F$82*(SQRT((0.25*0.25)+($C$81*$C$81))+(4*$C$81)) -> 3.3609826 | G94: =2*G$82*(SQRT((0.25*0.25)+($C$81*$C$81))+(4*$C$81)) -> 4.4813101 | H94: =2*H$82*(SQRT((0.25*0.25)+($C$81*$C$81))+(4*$C$81)) -> 5.6016376 | I94: =2*I$82*(SQRT((0.25*0.25)+($C$81*$C$81))+(4*$C$81)) -> 6.7219652 | J94: =2*J$82*(SQRT((0.25*0.25)+($C$81*$C$81))+(4*$C$81)) -> 7.8422927 | K94: =2*K$82*(SQRT((0.25*0.25)+($C$81*$C$81))+(4*$C$81)) -> 8.9626202 | L94: =2*L$82*(SQRT((0.25*0.25)+($C$81*$C$81))+(4*$C$81)) -> 10.082948 | M94: =2*M$82*(SQRT((0.25*0.25)+($C$81*$C$81))+(4*$C$81)) -> 11.203275
A95: 13 | B95: ='Stitch Library'!B18 -> 322 (4) Step Zig Zag | F95: =2*F$82*(SQRT((0.25*0.25)+($C$81*$C$81))+(5*$C$81)) -> 3.8098015 | G95: =2*G$82*(SQRT((0.25*0.25)+($C$81*$C$81))+(5*$C$81)) -> 5.0797353 | H95: =2*H$82*(SQRT((0.25*0.25)+($C$81*$C$81))+(5*$C$81)) -> 6.3496691 | I95: =2*I$82*(SQRT((0.25*0.25)+($C$81*$C$81))+(5*$C$81)) -> 7.619603 | J95: =2*J$82*(SQRT((0.25*0.25)+($C$81*$C$81))+(5*$C$81)) -> 8.8895368 | K95: =2*K$82*(SQRT((0.25*0.25)+($C$81*$C$81))+(5*$C$81)) -> 10.159471 | L95: =2*L$82*(SQRT((0.25*0.25)+($C$81*$C$81))+(5*$C$81)) -> 11.429404 | M95: =2*M$82*(SQRT((0.25*0.25)+($C$81*$C$81))+(5*$C$81)) -> 12.699338
A96: 14 | B96: ='Stitch Library'!B19 -> 401 Chainstitch | H96: =IF(Setup!$C$27="Original",4*2*($C$81*H$82),4+2*($C$81*H$82)) -> 4.7480315 | I96: =IF(Setup!$C$27="Original",4*2*($C$81*I$82),4+2*($C$81*I$82)) -> 4.8976378 | J96: =IF(Setup!$C$27="Original",4*2*($C$81*J$82),4+2*($C$81*J$82)) -> 5.0472441 | K96: =IF(Setup!$C$27="Original",4*2*($C$81*K$82),4+2*($C$81*K$82)) -> 5.1968504 | L96: =IF(Setup!$C$27="Original",4*2*($C$81*L$82),4+2*($C$81*L$82)) -> 5.3464567 | M96: =IF(Setup!$C$27="Original",4*2*($C$81*M$82),4+2*($C$81*M$82)) -> 5.496063 | N96: =IF(Setup!$C$27="Original",4*2*($C$81*N$82),4+2*($C$81*N$82)) -> 5.6456693 | O96: =IF(Setup!$C$27="Original",4*2*($C$81*O$82),4+2*($C$81*O$82)) -> 5.7952756 | ... AA96: =IF(Setup!$C$27="Original",4*2*($C$81*AA$82),4+2*($C$81*AA$82)) -> 7.5905512
A97: 15 | B97: ='Stitch Library'!B20 -> 404 ZigZag Chain | H97: =2*H$82*(2*(SQRT((0.125*0.125)+((1/H$82)*(1/H$82)))+$C$81)) -> 6.2130536 | I97: =2*I$82*(2*(SQRT((0.125*0.125)+((1/I$82)*(1/I$82)))+$C$81)) -> 6.7952756 | J97: =2*J$82*(2*(SQRT((0.125*0.125)+((1/J$82)*(1/J$82)))+$C$81)) -> 7.4095611 | K97: =2*K$82*(2*(SQRT((0.125*0.125)+((1/K$82)*(1/K$82)))+$C$81)) -> 8.050555 | L97: =2*L$82*(2*(SQRT((0.125*0.125)+((1/L$82)*(1/L$82)))+$C$81)) -> 8.7137107 | M97: =2*M$82*(2*(SQRT((0.125*0.125)+((1/M$82)*(1/M$82)))+$C$81)) -> 9.3952502 | N97: =2*N$82*(2*(SQRT((0.125*0.125)+((1/N$82)*(1/N$82)))+$C$81)) -> 10.092074 | O97: =2*O$82*(2*(SQRT((0.125*0.125)+((1/O$82)*(1/O$82)))+$C$81)) -> 10.801654 | ... AA97: =2*AA$82*(2*(SQRT((0.125*0.125)+((1/AA$82)*(1/AA$82)))+$C$81)) -> 19.830213
A98: 16 | B98: ='Stitch Library'!B21 -> 406 1/8"m Btm Cover | H98: =7+(2*H$82*(2*$C$81+0.125)) -> 9.746063 | I98: =7+(2*I$82*(2*$C$81+0.125)) -> 10.295276 | J98: =7+(2*J$82*(2*$C$81+0.125)) -> 10.844488 | K98: =7+(2*K$82*(2*$C$81+0.125)) -> 11.393701 | L98: =7+(2*L$82*(2*$C$81+0.125)) -> 11.942913 | M98: =7+(2*M$82*(2*$C$81+0.125)) -> 12.492126 | N98: =7+(2*N$82*(2*$C$81+0.125)) -> 13.041339 | O98: =7+(2*O$82*(2*$C$81+0.125)) -> 13.590551 | ... AA98: =7+(2*AA$82*(2*$C$81+0.125)) -> 20.181102
A99: 17 | B99: ='Stitch Library'!B22 -> 406 3/16" Btm Cover | H99: =7+(2*H$82*(2*$C$81+0.188)) -> 10.376063 | I99: =7+(2*I$82*(2*$C$81+0.188)) -> 11.051276 | J99: =7+(2*J$82*(2*$C$81+0.188)) -> 11.726488 | K99: =7+(2*K$82*(2*$C$81+0.188)) -> 12.401701 | L99: =7+(2*L$82*(2*$C$81+0.188)) -> 13.076913 | M99: =7+(2*M$82*(2*$C$81+0.188)) -> 13.752126 | N99: =7+(2*N$82*(2*$C$81+0.188)) -> 14.427339 | O99: =7+(2*O$82*(2*$C$81+0.188)) -> 15.102551 | ... AA99: =7+(2*AA$82*(2*$C$81+0.188)) -> 23.205102
A100: 18 | B100: ='Stitch Library'!B23 -> 406 1/4" Btm Cover | H100: =7+(2*H$82*(2*$C$81+0.25)) -> 10.996063 | I100: =7+(2*I$82*(2*$C$81+0.25)) -> 11.795276 | J100: =7+(2*J$82*(2*$C$81+0.25)) -> 12.594488 | K100: =7+(2*K$82*(2*$C$81+0.25)) -> 13.393701 | L100: =7+(2*L$82*(2*$C$81+0.25)) -> 14.192913 | M100: =7+(2*M$82*(2*$C$81+0.25)) -> 14.992126 | N100: =7+(2*N$82*(2*$C$81+0.25)) -> 15.791339 | O100: =7+(2*O$82*(2*$C$81+0.25)) -> 16.590551 | ... AA100: =7+(2*AA$82*(2*$C$81+0.25)) -> 26.181102
A101: 19 | B101: ='Stitch Library'!B24 -> 407 3Ndl Btm Cover | H101: =9+2*H$82*(3*$C$81+0.25) -> 13.744094 | I101: =9+2*I$82*(3*$C$81+0.25) -> 14.692913 | J101: =9+2*J$82*(3*$C$81+0.25) -> 15.641732 | K101: =9+2*K$82*(3*$C$81+0.25) -> 16.590551 | L101: =9+2*L$82*(3*$C$81+0.25) -> 17.53937 | M101: =9+2*M$82*(3*$C$81+0.25) -> 18.488189 | N101: =9+2*N$82*(3*$C$81+0.25) -> 19.437008 | O101: =9+2*O$82*(3*$C$81+0.25) -> 20.385827 | ... AA101: =9+2*AA$82*(3*$C$81+0.25) -> 31.771654
A102: 20 | B102: ='Stitch Library'!B25 -> 408 Pkt Facings | H102: 15.35 | I102: 16.82 | J102: 18.29 | K102: 19.76 | L102: 21.23 | M102: 22.7 | N102: 24.17 | O102: 25.64 | P102: 27.11 | Q102: 28.58 | R102: 30.05 | S102: 31.52 | T102: 32.99 | U102: 34.46 | V102: 35.93 | W102: 37.4 | X102: 38.87 | Y102: 40.34 | Z102: 41.81 | AA102: 43.28
A103: 21 | B103: ='Stitch Library'!B26 -> 411 Picoetta Stitch | E103: =8*(4*(2*($C$81*E$82))) -> 9.5748031 | F103: =8*(4*(2*($C$81*F$82))) -> 14.362205 | G103: =8*(4*(2*($C$81*G$82))) -> 19.149606 | H103: =8*(4*(2*($C$81*H$82))) -> 23.937008
A104: 22 | B104: ='Stitch Library'!B27 -> 503 1/8" 2Thd Serge | H104: =4*(H$82*(0.125+$C$81))+2 -> 5.996063 | I104: =4*(I$82*(0.125+$C$81))+2 -> 6.7952756 | J104: =4*(J$82*(0.125+$C$81))+2 -> 7.5944882 | K104: =4*(K$82*(0.125+$C$81))+2 -> 8.3937008 | L104: =4*(L$82*(0.125+$C$81))+2 -> 9.1929134 | M104: =4*(M$82*(0.125+$C$81))+2 -> 9.992126 | N104: =4*(N$82*(0.125+$C$81))+2 -> 10.791339 | O104: =4*(O$82*(0.125+$C$81))+2 -> 11.590551 | ... AA104: =4*(AA$82*(0.125+$C$81))+2 -> 21.181102
A105: 23 | B105: ='Stitch Library'!B28 -> 503 3/16" 2 Thd Serge | H105: =4*(H$82*(0.188+$C$81))+2 -> 7.256063 | I105: =4*(I$82*(0.188+$C$81))+2 -> 8.3072756 | J105: =4*(J$82*(0.188+$C$81))+2 -> 9.3584882 | K105: =4*(K$82*(0.188+$C$81))+2 -> 10.409701 | L105: =4*(L$82*(0.188+$C$81))+2 -> 11.460913 | M105: =4*(M$82*(0.188+$C$81))+2 -> 12.512126 | N105: =4*(N$82*(0.188+$C$81))+2 -> 13.563339 | O105: =4*(O$82*(0.188+$C$81))+2 -> 14.614551 | ... AA105: =4*(AA$82*(0.188+$C$81))+2 -> 27.229102
A106: 24 | B106: ='Stitch Library'!B29 -> 503 1/4" 2 Thd Serge | H106: =4*(H$82*(0.25+$C$81))+2 -> 8.496063 | I106: =4*(I$82*(0.25+$C$81))+2 -> 9.7952756 | J106: =4*(J$82*(0.25+$C$81))+2 -> 11.094488 | K106: =4*(K$82*(0.25+$C$81))+2 -> 12.393701 | L106: =4*(L$82*(0.25+$C$81))+2 -> 13.692913 | M106: =4*(M$82*(0.25+$C$81))+2 -> 14.992126 | N106: =4*(N$82*(0.25+$C$81))+2 -> 16.291339 | O106: =4*(O$82*(0.25+$C$81))+2 -> 17.590551 | ... AA106: =4*(AA$82*(0.25+$C$81))+2 -> 33.181102
A107: 25 | B107: ='Stitch Library'!B30 -> 504 1/8" 1 Ndl Overedge | H107: =4*(H$82*(0.125+$C$81))+5 -> 8.996063 | I107: =4*(I$82*(0.125+$C$81))+5 -> 9.7952756 | J107: =4*(J$82*(0.125+$C$81))+5 -> 10.594488 | K107: =4*(K$82*(0.125+$C$81))+5 -> 11.393701 | L107: =4*(L$82*(0.125+$C$81))+5 -> 12.192913 | M107: =4*(M$82*(0.125+$C$81))+5 -> 12.992126 | N107: =4*(N$82*(0.125+$C$81))+5 -> 13.791339 | O107: =4*(O$82*(0.125+$C$81))+5 -> 14.590551 | ... AA107: =4*(AA$82*(0.125+$C$81))+5 -> 24.181102
A108: 26 | B108: ='Stitch Library'!B31 -> 504 3/16" 1 Ndl Overedge | H108: =4*(H$82*(0.188+$C$81))+5 -> 10.256063 | I108: =4*(I$82*(0.188+$C$81))+5 -> 11.307276 | J108: =4*(J$82*(0.188+$C$81))+5 -> 12.358488 | K108: =4*(K$82*(0.188+$C$81))+5 -> 13.409701 | L108: =4*(L$82*(0.188+$C$81))+5 -> 14.460913 | M108: =4*(M$82*(0.188+$C$81))+5 -> 15.512126 | N108: =4*(N$82*(0.188+$C$81))+5 -> 16.563339 | O108: =4*(O$82*(0.188+$C$81))+5 -> 17.614551 | ... AA108: =4*(AA$82*(0.188+$C$81))+5 -> 30.229102
A109: 27 | B109: ='Stitch Library'!B32 -> 504 1/4" 1 Ndl Overedge | H109: =4*(H$82*(0.25+$C$81))+5 -> 11.496063 | I109: =4*(I$82*(0.25+$C$81))+5 -> 12.795276 | J109: =4*(J$82*(0.25+$C$81))+5 -> 14.094488 | K109: =4*(K$82*(0.25+$C$81))+5 -> 15.393701 | L109: =4*(L$82*(0.25+$C$81))+5 -> 16.692913 | M109: =4*(M$82*(0.25+$C$81))+5 -> 17.992126 | N109: =4*(N$82*(0.25+$C$81))+5 -> 19.291339 | O109: =4*(O$82*(0.25+$C$81))+5 -> 20.590551 | ... AA109: =4*(AA$82*(0.25+$C$81))+5 -> 36.181102
A110: 28 | B110: ='Stitch Library'!B33 -> 512 (3/16) 2 Ndl Overedge | H110: =5+6*(H$82*$C$81)+2.18*(0.188*H$82) -> 9.2932945 | I110: =5+6*(I$82*$C$81)+2.18*(0.188*I$82) -> 10.151953 | J110: =5+6*(J$82*$C$81)+2.18*(0.188*J$82) -> 11.010612 | K110: =5+6*(K$82*$C$81)+2.18*(0.188*K$82) -> 11.869271 | L110: =5+6*(L$82*$C$81)+2.18*(0.188*L$82) -> 12.72793 | M110: =5+6*(M$82*$C$81)+2.18*(0.188*M$82) -> 13.586589 | N110: =5+6*(N$82*$C$81)+2.18*(0.188*N$82) -> 14.445248 | O110: =5+6*(O$82*$C$81)+2.18*(0.188*O$82) -> 15.303907 | ... AA110: =5+6*(AA$82*$C$81)+2.18*(0.188*AA$82) -> 25.607814
...
